,env_1,env_2,gender
SRS011061,Stool,Gut,Female
SRS011084,Stool,Gut,Male
SRS011086,Tongue_dorsum,Oral,Female
SRS011090,Buccal_mucosa,Oral,Female
SRS011098,Supragingival_plaque,Oral,Female
SRS011111,Posterior_fornix,Vaginal,Female
SRS011115,Tongue_dorsum,Oral,Male
SRS011126,Supragingival_plaque,Oral,Male
SRS011132,Anterior_nares,Skin,Male
SRS011134,Stool,Gut,Male
SRS011140,Tongue_dorsum,Oral,Male
SRS011144,Buccal_mucosa,Oral,Male
SRS011152,Supragingival_plaque,Oral,Male
SRS011239,Stool,Gut,Female
SRS011243,Tongue_dorsum,Oral,Female
SRS011247,Buccal_mucosa,Oral,Female
SRS011255,Supragingival_plaque,Oral,Female
SRS011263,Anterior_nares,Skin,Female
SRS011269,Posterior_fornix,Vaginal,Female
SRS011271,Stool,Gut,Male
SRS011302,Stool,Gut,Female
SRS011306,Tongue_dorsum,Oral,Female
SRS011310,Buccal_mucosa,Oral,Female
SRS011343,Supragingival_plaque,Oral,Female
SRS011355,Posterior_fornix,Vaginal,Female
SRS011397,Anterior_nares,Skin,Female
SRS011405,Stool,Gut,Female
SRS011452,Stool,Gut,Male
SRS011529,Stool,Gut,Male
SRS011584,Posterior_fornix,Vaginal,Female
SRS011586,Stool,Gut,Female
SRS012273,Stool,Gut,Female
SRS012279,Tongue_dorsum,Oral,Female
SRS012281,Buccal_mucosa,Oral,Female
SRS012285,Supragingival_plaque,Oral,Female
SRS012291,Anterior_nares,Skin,Female
SRS012294,Posterior_fornix,Vaginal,Female
SRS012663,Anterior_nares,Skin,Male
SRS012849,Stool,Gut,Male
SRS012902,Stool,Gut,Female
SRS012916,Tongue_dorsum,Oral,Female
SRS012918,Buccal_mucosa,Oral,Female
SRS012922,Supragingival_plaque,Oral,Female
SRS012924,L_Retroauricular_crease,Skin,Female
SRS012934,Posterior_fornix,Vaginal,Female
SRS012969,Stool,Gut,Male
SRS012983,Tongue_dorsum,Oral,Male
SRS012985,Buccal_mucosa,Oral,Male
SRS012989,Supragingival_plaque,Oral,Male
SRS012998,Anterior_nares,Skin,Male
SRS013098,Stool,Gut,Female
SRS013155,Anterior_nares,Skin,Male
SRS013158,Stool,Gut,Male
SRS013164,Tongue_dorsum,Oral,Male
SRS013170,Supragingival_plaque,Oral,Male
SRS013215,Stool,Gut,Male
SRS013216,Stool,Gut,Male
SRS013234,Tongue_dorsum,Oral,Male
SRS013239,Buccal_mucosa,Oral,Male
SRS013252,Supragingival_plaque,Oral,Male
SRS013258,L_Retroauricular_crease,Skin,Male
SRS013261,R_Retroauricular_crease,Skin,Male
SRS013269,Anterior_nares,Skin,Male
SRS013382,Stool,Gut,Male
SRS013476,Stool,Gut,Male
SRS013502,Tongue_dorsum,Oral,Male
SRS013506,Buccal_mucosa,Oral,Male
SRS013521,Stool,Gut,Female
SRS013533,Supragingival_plaque,Oral,Female
SRS013542,Posterior_fornix,Vaginal,Female
SRS013637,Anterior_nares,Skin,Male
SRS013638,Stool,Gut,Male
SRS013639,Stool,Gut,Male
SRS013651,Tongue_dorsum,Oral,Male
SRS013663,Supragingival_plaque,Oral,Male
SRS013687,Stool,Gut,Male
SRS013705,Tongue_dorsum,Oral,Male
SRS013711,Buccal_mucosa,Oral,Male
SRS013723,Supragingival_plaque,Oral,Male
SRS013740,Anterior_nares,Skin,Male
SRS013800,Stool,Gut,Male
SRS013818,Tongue_dorsum,Oral,Male
SRS013825,Buccal_mucosa,Oral,Male
SRS013836,Supragingival_plaque,Oral,Male
SRS013876,Anterior_nares,Skin,Male
SRS013879,Tongue_dorsum,Oral,Male
SRS013881,Buccal_mucosa,Oral,Male
SRS013927,Tongue_dorsum,Oral,Male
SRS013938,Supragingival_plaque,Oral,Male
SRS013940,Stool,Gut,Male
SRS013942,Saliva,Oral,Male
SRS013945,Buccal_mucosa,Oral,Male
SRS013946,Keratinized_gingiva,Oral,Male
SRS013947,Palatine_Tonsils,Oral,Male
SRS013948,Throat,Oral,Male
SRS013949,Supragingival_plaque,Oral,Male
SRS013950,Subgingival_plaque,Oral,Male
SRS013951,Stool,Gut,Male
SRS013956,Anterior_nares,Skin,Male
SRS013965,Stool,Gut,Female
SRS013973,Posterior_fornix,Vaginal,Female
SRS014107,Subgingival_plaque,Oral,Male
SRS014124,Tongue_dorsum,Oral,Female
SRS014126,Buccal_mucosa,Oral,Female
SRS014127,Tongue_dorsum,Oral,Female
SRS014235,Stool,Gut,Male
SRS014271,Tongue_dorsum,Oral,Male
SRS014287,Stool,Gut,Male
SRS014313,Stool,Gut,Female
SRS014343,Posterior_fornix,Vaginal,Female
SRS014344,Stool,Gut,Female
SRS014391,Stool,Gut,Male
SRS014402,Supragingival_plaque,Oral,Female
SRS014404,Tongue_dorsum,Oral,Female
SRS014412,Stool,Gut,Female
SRS014415,Posterior_fornix,Vaginal,Female
SRS014459,Stool,Gut,Female
SRS014464,Anterior_nares,Skin,Female
SRS014465,Vaginal_introitus,Vaginal,Female
SRS014466,Mid_vagina,Vaginal,Female
SRS014468,Saliva,Oral,Female
SRS014470,Tongue_dorsum,Oral,Female
SRS014472,Buccal_mucosa,Oral,Female
SRS014473,Keratinized_gingiva,Oral,Female
SRS014474,Palatine_Tonsils,Oral,Female
SRS014475,Throat,Oral,Female
SRS014476,Supragingival_plaque,Oral,Female
SRS014477,Subgingival_plaque,Oral,Female
SRS014494,Posterior_fornix,Vaginal,Female
SRS014523,Posterior_fornix,Vaginal,Female
SRS014524,Supragingival_plaque,Oral,Female
SRS014528,Tongue_dorsum,Oral,Female
SRS014530,Buccal_mucosa,Oral,Female
SRS014534,Stool,Gut,Female
SRS014573,Tongue_dorsum,Oral,Female
SRS014575,Buccal_mucosa,Oral,Female
SRS014578,Supragingival_plaque,Oral,Female
SRS014613,Stool,Gut,Female
SRS014629,Posterior_fornix,Vaginal,Female
SRS014682,Anterior_nares,Skin,Male
SRS014683,Stool,Gut,Male
SRS014684,Tongue_dorsum,Oral,Male
SRS014686,Buccal_mucosa,Oral,Male
SRS014687,Keratinized_gingiva,Oral,Male
SRS014689,Throat,Oral,Male
SRS014690,Supragingival_plaque,Oral,Male
SRS014691,Subgingival_plaque,Oral,Male
SRS014692,Saliva,Oral,Male
SRS014728,Tongue_dorsum,Oral,Female
SRS014736,Stool,Gut,Female
SRS014744,Posterior_fornix,Vaginal,Female
SRS014787,Buccal_mucosa,Oral,Female
SRS014801,Posterior_fornix,Vaginal,Female
SRS014855,Stool,Gut,Male
SRS014888,Tongue_dorsum,Oral,Male
SRS014890,Buccal_mucosa,Oral,Male
SRS014894,Supragingival_plaque,Oral,Male
SRS014901,Anterior_nares,Skin,Male
SRS014923,Stool,Gut,Male
SRS014935,Tongue_dorsum,Oral,Male
SRS014941,Supragingival_plaque,Oral,Male
SRS014948,Stool,Gut,Male
SRS014979,Stool,Gut,Female
SRS014998,Stool,Gut,Female
SRS015038,Tongue_dorsum,Oral,Female
SRS015040,Buccal_mucosa,Oral,Female
SRS015044,Supragingival_plaque,Oral,Female
SRS015051,Anterior_nares,Skin,Female
SRS015054,Posterior_fornix,Vaginal,Female
SRS015057,Tongue_dorsum,Oral,Female
SRS015059,Buccal_mucosa,Oral,Female
SRS015060,Keratinized_gingiva,Oral,Female
SRS015061,Palatine_Tonsils,Oral,Female
SRS015062,Throat,Oral,Female
SRS015063,Supragingival_plaque,Oral,Female
SRS015064,Subgingival_plaque,Oral,Female
SRS015065,Stool,Gut,Female
SRS015071,Vaginal_introitus,Vaginal,Female
SRS015072,Mid_vagina,Vaginal,Female
SRS015073,Posterior_fornix,Vaginal,Female
SRS015095,Stool,Gut,Female
SRS015116,Tongue_dorsum,Oral,Female
SRS015120,Buccal_mucosa,Oral,Female
SRS015128,Supragingival_plaque,Oral,Female
SRS015133,Stool,Gut,Female
SRS015148,Posterior_fornix,Vaginal,Female
SRS015154,Buccal_mucosa,Oral,Female
SRS015158,Supragingival_plaque,Oral,Female
SRS015168,Posterior_fornix,Vaginal,Female
SRS015174,Tongue_dorsum,Oral,Female
SRS015190,Stool,Gut,Female
SRS015209,Tongue_dorsum,Oral,Female
SRS015215,Supragingival_plaque,Oral,Female
SRS015217,Stool,Gut,Female
SRS015225,Posterior_fornix,Vaginal,Female
SRS015246,Stool,Gut,Female
SRS015264,Stool,Gut,Male
SRS015269,Anterior_nares,Skin,Male
SRS015272,Tongue_dorsum,Oral,Male
SRS015274,Buccal_mucosa,Oral,Male
SRS015278,Supragingival_plaque,Oral,Male
SRS015280,Stool,Gut,Male
SRS015290,Anterior_nares,Skin,Male
SRS015296,Tongue_dorsum,Oral,Male
SRS015308,Supragingival_plaque,Oral,Male
SRS015369,Stool,Gut,Female
SRS015374,Buccal_mucosa,Oral,Female
SRS015378,Supragingival_plaque,Oral,Female
SRS015381,R_Retroauricular_crease,Skin,Female
SRS015388,Stool,Gut,Female
SRS015395,Tongue_dorsum,Oral,Female
SRS015425,Posterior_fornix,Vaginal,Female
SRS015430,Anterior_nares,Skin,Male
SRS015431,Stool,Gut,Male
SRS015434,Tongue_dorsum,Oral,Male
SRS015436,Buccal_mucosa,Oral,Male
SRS015440,Supragingival_plaque,Oral,Male
SRS015450,Anterior_nares,Skin,Male
SRS015453,Stool,Gut,Male
SRS015470,Supragingival_plaque,Oral,Male
SRS015481,Posterior_fornix,Vaginal,Female
SRS015484,Tongue_dorsum,Oral,Female
SRS015486,Stool,Gut,Female
SRS015540,Buccal_mucosa,Oral,Male
SRS015574,Supragingival_plaque,Oral,Male
SRS015578,Stool,Gut,Male
SRS015579,Stool,Gut,Female
SRS015584,Anterior_nares,Skin,Female
SRS015587,Posterior_fornix,Vaginal,Female
SRS015590,Tongue_dorsum,Oral,Female
SRS015592,Buccal_mucosa,Oral,Female
SRS015596,Supragingival_plaque,Oral,Female
SRS015640,Anterior_nares,Skin,Male
SRS015644,Tongue_dorsum,Oral,Male
SRS015646,Buccal_mucosa,Oral,Male
SRS015650,Supragingival_plaque,Oral,Male
SRS015663,Stool,Gut,Male
SRS015686,Tongue_dorsum,Oral,Female
SRS015688,Buccal_mucosa,Oral,Female
SRS015692,Supragingival_plaque,Oral,Female
SRS015694,Stool,Gut,Female
SRS015702,Posterior_fornix,Vaginal,Female
SRS015745,Buccal_mucosa,Oral,Male
SRS015752,Anterior_nares,Skin,Male
SRS015755,Supragingival_plaque,Oral,Male
SRS015762,Tongue_dorsum,Oral,Male
SRS015782,Stool,Gut,Male
SRS015793,Anterior_nares,Skin,Male
SRS015794,Stool,Gut,Male
SRS015797,Tongue_dorsum,Oral,Male
SRS015799,Buccal_mucosa,Oral,Male
SRS015803,Supragingival_plaque,Oral,Male
SRS015816,Stool,Gut,Male
SRS015854,Stool,Gut,Male
SRS015890,Stool,Gut,Male
SRS015893,Tongue_dorsum,Oral,Male
SRS015895,Buccal_mucosa,Oral,Male
SRS015899,Supragingival_plaque,Oral,Male
SRS015912,Stool,Gut,Male
SRS015921,Buccal_mucosa,Oral,Male
SRS015937,Anterior_nares,Skin,Male
SRS015941,Tongue_dorsum,Oral,Male
SRS015960,Stool,Gut,Male
SRS015985,Buccal_mucosa,Oral,Male
SRS015989,Supragingival_plaque,Oral,Male
SRS015996,Anterior_nares,Skin,Male
SRS016002,Tongue_dorsum,Oral,Male
SRS016018,Stool,Gut,Male
SRS016033,Anterior_nares,Skin,Male
SRS016037,Tongue_dorsum,Oral,Male
SRS016039,Buccal_mucosa,Oral,Male
SRS016043,Supragingival_plaque,Oral,Male
SRS016053,Anterior_nares,Skin,Male
SRS016056,Stool,Gut,Male
SRS016059,Tongue_dorsum,Oral,Male
SRS016063,Buccal_mucosa,Oral,Male
SRS016071,Supragingival_plaque,Oral,Male
SRS016086,Tongue_dorsum,Oral,Female
SRS016092,Supragingival_plaque,Oral,Female
SRS016095,Stool,Gut,Female
SRS016111,Posterior_fornix,Vaginal,Female
SRS016132,Stool,Gut,Female
SRS016133,Tongue_dorsum,Oral,Female
SRS016139,Supragingival_plaque,Oral,Female
SRS016188,Anterior_nares,Skin,Female
SRS016191,Posterior_fornix,Vaginal,Female
SRS016196,Buccal_mucosa,Oral,Female
SRS016200,Supragingival_plaque,Oral,Female
SRS016203,Stool,Gut,Female
SRS016225,Tongue_dorsum,Oral,Female
SRS016267,Stool,Gut,Male
SRS016292,Anterior_nares,Skin,Male
SRS016297,Buccal_mucosa,Oral,Male
SRS016312,Anterior_nares,Skin,Male
SRS016319,Tongue_dorsum,Oral,Male
SRS016322,Buccal_mucosa,Oral,Male
SRS016331,Supragingival_plaque,Oral,Male
SRS016335,Stool,Gut,Male
SRS016342,Tongue_dorsum,Oral,Male
SRS016349,Buccal_mucosa,Oral,Male
SRS016360,Supragingival_plaque,Oral,Male
SRS016381,Stool,Gut,Male
SRS016393,Supragingival_plaque,Oral,Male
SRS016434,Anterior_nares,Skin,Male
SRS016437,Stool,Gut,Male
SRS016438,Stool,Gut,Male
SRS016456,Tongue_dorsum,Oral,Male
SRS016474,Supragingival_plaque,Oral,Male
SRS016495,Stool,Gut,Female
SRS016501,Tongue_dorsum,Oral,Female
SRS016503,Buccal_mucosa,Oral,Female
SRS016513,Anterior_nares,Skin,Female
SRS016516,Posterior_fornix,Vaginal,Female
SRS016517,Stool,Gut,Female
SRS016529,Tongue_dorsum,Oral,Female
SRS016533,Buccal_mucosa,Oral,Female
SRS016541,Supragingival_plaque,Oral,Female
SRS016553,Anterior_nares,Skin,Female
SRS016559,Posterior_fornix,Vaginal,Female
SRS016569,Tongue_dorsum,Oral,Female
SRS016575,Supragingival_plaque,Oral,Female
SRS016581,Anterior_nares,Skin,Female
SRS016584,Posterior_fornix,Vaginal,Female
SRS016600,Buccal_mucosa,Oral,Female
SRS016629,Stool,Gut,Female
SRS016647,Tongue_dorsum,Oral,Female
SRS016653,Buccal_mucosa,Oral,Female
SRS016665,Supragingival_plaque,Oral,Female
SRS016683,Anterior_nares,Skin,Female
SRS016692,Posterior_fornix,Vaginal,Female
SRS016740,Tongue_dorsum,Oral,Male
SRS016742,Buccal_mucosa,Oral,Male
SRS016746,Supragingival_plaque,Oral,Male
SRS016752,Anterior_nares,Skin,Male
SRS016753,Stool,Gut,Male
SRS016815,Tongue_dorsum,Oral,Female
SRS016840,Stool,Gut,Male
SRS016858,Tongue_dorsum,Oral,Male
SRS016876,Supragingival_plaque,Oral,Male
SRS016897,Stool,Gut,Male
SRS016944,L_Retroauricular_crease,Skin,Male
SRS016954,Stool,Gut,Male
SRS016969,Tongue_dorsum,Oral,Female
SRS016989,Stool,Gut,Male
SRS016990,Stool,Gut,Male
SRS017007,Tongue_dorsum,Oral,Male
SRS017013,Buccal_mucosa,Oral,Male
SRS017025,Supragingival_plaque,Oral,Male
SRS017044,Anterior_nares,Skin,Male
SRS017076,Tongue_dorsum,Oral,Male
SRS017080,Buccal_mucosa,Oral,Male
SRS017103,Stool,Gut,Male
SRS017120,Tongue_dorsum,Oral,Male
SRS017127,Buccal_mucosa,Oral,Male
SRS017139,Supragingival_plaque,Oral,Male
SRS017156,Anterior_nares,Skin,Male
SRS017191,Stool,Gut,Male
SRS017209,Tongue_dorsum,Oral,Male
SRS017215,Buccal_mucosa,Oral,Male
SRS017227,Supragingival_plaque,Oral,Male
SRS017244,Anterior_nares,Skin,Male
SRS017247,Stool,Gut,Male
SRS017248,Stool,Gut,Male
SRS017279,Tongue_dorsum,Oral,Male
SRS017303,Anterior_nares,Skin,Male
SRS017304,Supragingival_plaque,Oral,Male
SRS017307,Stool,Gut,Male
SRS017324,Tongue_dorsum,Oral,Male
SRS017326,Buccal_mucosa,Oral,Male
SRS017336,Anterior_nares,Skin,Male
SRS017375,Stool,Gut,Male
SRS017381,Tongue_dorsum,Oral,Male
SRS017383,Buccal_mucosa,Oral,Male
SRS017433,Stool,Gut,Female
SRS017439,Tongue_dorsum,Oral,Female
SRS017441,Buccal_mucosa,Oral,Female
SRS017445,Supragingival_plaque,Oral,Female
SRS017451,Anterior_nares,Skin,Female
SRS017497,Posterior_fornix,Vaginal,Female
SRS017511,Supragingival_plaque,Oral,Female
SRS017517,Anterior_nares,Skin,Female
SRS017520,Posterior_fornix,Vaginal,Female
SRS017521,Stool,Gut,Female
SRS017533,Tongue_dorsum,Oral,Female
SRS017537,Buccal_mucosa,Oral,Female
SRS017622,Stool,Gut,Male
SRS017630,Buccal_mucosa,Oral,Male
SRS017634,Supragingival_plaque,Oral,Male
SRS017640,Anterior_nares,Skin,Male
SRS017687,Buccal_mucosa,Oral,Female
SRS017697,Anterior_nares,Skin,Female
SRS017700,Posterior_fornix,Vaginal,Female
SRS017701,Stool,Gut,Female
SRS017713,Tongue_dorsum,Oral,Female
SRS017745,Stool,Gut,Male
SRS017751,Tongue_dorsum,Oral,Male
SRS017753,Buccal_mucosa,Oral,Male
SRS017757,Supragingival_plaque,Oral,Male
SRS017763,Anterior_nares,Skin,Male
SRS017788,Supragingival_plaque,Oral,Male
SRS017808,Tongue_dorsum,Oral,Male
SRS017810,Buccal_mucosa,Oral,Male
SRS017814,Supragingival_plaque,Oral,Male
SRS017820,Anterior_nares,Skin,Male
SRS017821,Stool,Gut,Male
SRS017849,L_Retroauricular_crease,Skin,Male
SRS017851,R_Retroauricular_crease,Skin,Male
SRS017859,Stool,Gut,Male
SRS017916,Stool,Gut,Male
SRS018049,Stool,Gut,Male
SRS018055,Tongue_dorsum,Oral,Male
SRS018061,Supragingival_plaque,Oral,Male
SRS018133,Stool,Gut,Male
SRS018145,Tongue_dorsum,Oral,Male
SRS018149,Buccal_mucosa,Oral,Male
SRS018157,Supragingival_plaque,Oral,Male
SRS018300,Tongue_dorsum,Oral,Male
SRS018312,Anterior_nares,Skin,Male
SRS018313,Stool,Gut,Male
SRS018329,Buccal_mucosa,Oral,Male
SRS018337,Supragingival_plaque,Oral,Male
SRS018351,Stool,Gut,Male
SRS018357,Tongue_dorsum,Oral,Male
SRS018359,Buccal_mucosa,Oral,Male
SRS018369,Anterior_nares,Skin,Male
SRS018394,Supragingival_plaque,Oral,Male
SRS018427,Stool,Gut,Male
SRS018439,Tongue_dorsum,Oral,Male
SRS018463,Anterior_nares,Skin,Male
SRS018473,Tongue_dorsum,Oral,Female
SRS018479,Supragingival_plaque,Oral,Female
SRS018488,Posterior_fornix,Vaginal,Female
SRS018501,Tongue_dorsum,Oral,Female
SRS018513,Supragingival_plaque,Oral,Female
SRS018535,Posterior_fornix,Vaginal,Female
SRS018536,Anterior_nares,Skin,Female
SRS018541,Stool,Gut,Female
SRS018569,Buccal_mucosa,Oral,Male
SRS018573,Supragingival_plaque,Oral,Male
SRS018575,Stool,Gut,Male
SRS018585,Anterior_nares,Skin,Male
SRS018591,Tongue_dorsum,Oral,Male
SRS018594,Buccal_mucosa,Oral,Male
SRS018602,Supragingival_plaque,Oral,Male
SRS018606,Stool,Gut,Male
SRS018610,Tongue_dorsum,Oral,Male
SRS018612,Buccal_mucosa,Oral,Male
SRS018616,Supragingival_plaque,Oral,Male
SRS018623,Stool,Gut,Male
SRS018656,Stool,Gut,Female
SRS018661,Buccal_mucosa,Oral,Female
SRS018665,Supragingival_plaque,Oral,Female
SRS018671,Anterior_nares,Skin,Female
SRS018679,Tongue_dorsum,Oral,Female
SRS018683,Buccal_mucosa,Oral,Female
SRS018691,Supragingival_plaque,Oral,Female
SRS018732,Stool,Gut,Female
SRS018739,Tongue_dorsum,Oral,Female
SRS018742,Buccal_mucosa,Oral,Female
SRS018750,Supragingival_plaque,Oral,Female
SRS018762,Anterior_nares,Skin,Female
SRS018769,Posterior_fornix,Vaginal,Female
SRS018774,Buccal_mucosa,Oral,Male
SRS018784,Anterior_nares,Skin,Male
SRS018791,Tongue_dorsum,Oral,Male
SRS018794,Buccal_mucosa,Oral,Male
SRS018814,Anterior_nares,Skin,Male
SRS018817,Stool,Gut,Male
SRS018820,Tongue_dorsum,Oral,Female
SRS018822,Buccal_mucosa,Oral,Female
SRS018826,Supragingival_plaque,Oral,Female
SRS018836,Stool,Gut,Female
SRS018875,Tongue_dorsum,Oral,Male
SRS018888,Stool,Gut,Male
SRS018923,Tongue_dorsum,Oral,Male
SRS018925,Buccal_mucosa,Oral,Male
SRS018929,Supragingival_plaque,Oral,Male
SRS018936,Stool,Gut,Male
SRS018969,Tongue_dorsum,Oral,Male
SRS018971,Buccal_mucosa,Oral,Male
SRS018975,Supragingival_plaque,Oral,Male
SRS018978,R_Retroauricular_crease,Skin,Male
SRS018981,Anterior_nares,Skin,Male
SRS018984,Stool,Gut,Male
SRS019014,Stool,Gut,Male
SRS019016,R_Retroauricular_crease,Skin,Male
SRS019019,Anterior_nares,Skin,Male
SRS019022,Tongue_dorsum,Oral,Male
SRS019024,Buccal_mucosa,Oral,Male
SRS019025,Keratinized_gingiva,Oral,Male
SRS019026,Palatine_Tonsils,Oral,Male
SRS019027,Throat,Oral,Male
SRS019028,Supragingival_plaque,Oral,Male
SRS019029,Subgingival_plaque,Oral,Male
SRS019030,Stool,Gut,Male
SRS019033,R_Retroauricular_crease,Skin,Male
SRS019039,Anterior_nares,Skin,Male
SRS019045,Tongue_dorsum,Oral,Male
SRS019062,Stool,Gut,Male
SRS019063,L_Retroauricular_crease,Skin,Male
SRS019064,R_Retroauricular_crease,Skin,Male
SRS019067,Anterior_nares,Skin,Male
SRS019068,Stool,Gut,Male
SRS019071,Tongue_dorsum,Oral,Male
SRS019073,Buccal_mucosa,Oral,Male
SRS019077,Supragingival_plaque,Oral,Male
SRS019081,R_Retroauricular_crease,Skin,Male
SRS019087,Anterior_nares,Skin,Male
SRS019090,Stool,Gut,Male
SRS019116,R_Retroauricular_crease,Skin,Male
SRS019119,Anterior_nares,Skin,Male
SRS019120,Saliva,Oral,Male
SRS019122,Tongue_dorsum,Oral,Male
SRS019124,Buccal_mucosa,Oral,Male
SRS019125,Keratinized_gingiva,Oral,Male
SRS019126,Palatine_Tonsils,Oral,Male
SRS019127,Throat,Oral,Male
SRS019128,Supragingival_plaque,Oral,Male
SRS019129,Subgingival_plaque,Oral,Male
SRS019161,Stool,Gut,Male
SRS019170,Tongue_dorsum,Oral,Male
SRS019172,Buccal_mucosa,Oral,Male
SRS019176,Supragingival_plaque,Oral,Male
SRS019178,Stool,Gut,Male
SRS019215,Anterior_nares,Skin,Female
SRS019219,Tongue_dorsum,Oral,Female
SRS019221,Buccal_mucosa,Oral,Female
SRS019225,Supragingival_plaque,Oral,Female
SRS019245,Posterior_fornix,Vaginal,Female
SRS019267,Stool,Gut,Female
SRS019270,Tongue_dorsum,Oral,Female
SRS019272,Buccal_mucosa,Oral,Female
SRS019276,Supragingival_plaque,Oral,Female
SRS019285,Posterior_fornix,Vaginal,Female
SRS019286,Stool,Gut,Female
SRS019327,Tongue_dorsum,Oral,Female
SRS019329,Buccal_mucosa,Oral,Female
SRS019333,Supragingival_plaque,Oral,Female
SRS019339,Anterior_nares,Skin,Female
SRS019348,Tongue_dorsum,Oral,Female
SRS019352,Buccal_mucosa,Oral,Female
SRS019360,Supragingival_plaque,Oral,Female
SRS019372,Anterior_nares,Skin,Female
SRS019379,Posterior_fornix,Vaginal,Female
SRS019381,Stool,Gut,Female
SRS019386,Anterior_nares,Skin,Male
SRS019387,Supragingival_plaque,Oral,Male
SRS019389,Tongue_dorsum,Oral,Male
SRS019391,Buccal_mucosa,Oral,Male
SRS019397,Stool,Gut,Male
SRS019428,Stool,Gut,Male
SRS019439,Buccal_mucosa,Oral,Male
SRS019443,Supragingival_plaque,Oral,Male
SRS019445,Stool,Gut,Male
SRS019485,Posterior_fornix,Vaginal,Female
SRS019488,Tongue_dorsum,Oral,Female
SRS019490,Buccal_mucosa,Oral,Female
SRS019494,Supragingival_plaque,Oral,Female
SRS019496,Stool,Gut,Female
SRS019582,Stool,Gut,Male
SRS019587,Buccal_mucosa,Oral,Female
SRS019591,Supragingival_plaque,Oral,Female
SRS019597,Anterior_nares,Skin,Female
SRS019600,Posterior_fornix,Vaginal,Female
SRS019601,Stool,Gut,Female
SRS019607,Tongue_dorsum,Oral,Female
SRS019638,Stool,Gut,Female
SRS019685,Stool,Gut,Male
SRS019693,Stool,Gut,Female
SRS019696,Tongue_dorsum,Oral,Female
SRS019698,Buccal_mucosa,Oral,Female
SRS019787,Stool,Gut,Male
SRS019792,Tongue_dorsum,Oral,Female
SRS019794,Buccal_mucosa,Oral,Female
SRS019798,Supragingival_plaque,Oral,Female
SRS019807,Posterior_fornix,Vaginal,Female
SRS019808,Stool,Gut,Female
SRS019867,Anterior_nares,Skin,Male
SRS019872,Buccal_mucosa,Oral,Male
SRS019894,Tongue_dorsum,Oral,Male
SRS019906,Supragingival_plaque,Oral,Male
SRS019910,Stool,Gut,Male
SRS019968,Stool,Gut,Female
SRS019974,Tongue_dorsum,Oral,Female
SRS019976,Buccal_mucosa,Oral,Female
SRS019980,Supragingival_plaque,Oral,Female
SRS019986,Anterior_nares,Skin,Female
SRS019989,Posterior_fornix,Vaginal,Female
SRS020220,Tongue_dorsum,Oral,Male
SRS020222,Buccal_mucosa,Oral,Male
SRS020226,Supragingival_plaque,Oral,Male
SRS020232,Anterior_nares,Skin,Male
SRS020233,Stool,Gut,Male
SRS020261,L_Retroauricular_crease,Skin,Male
SRS020263,R_Retroauricular_crease,Skin,Male
SRS020271,Stool,Gut,Male
SRS020277,Tongue_dorsum,Oral,Male
SRS020283,Supragingival_plaque,Oral,Male
SRS020328,Stool,Gut,Female
SRS020334,Tongue_dorsum,Oral,Female
SRS020336,Buccal_mucosa,Oral,Female
SRS020340,Supragingival_plaque,Oral,Female
SRS020349,Posterior_fornix,Vaginal,Female
SRS020386,Anterior_nares,Skin,Female
SRS020394,Stool,Gut,Male
SRS020400,Tongue_dorsum,Oral,Male
SRS020402,Buccal_mucosa,Oral,Male
SRS020406,Supragingival_plaque,Oral,Male
SRS020412,Anterior_nares,Skin,Male
SRS020508,Stool,Gut,Male
SRS020540,Tongue_dorsum,Oral,Male
SRS020571,Tongue_dorsum,Oral,Male
SRS020622,Stool,Gut,Male
SRS020628,Tongue_dorsum,Oral,Male
SRS020856,Tongue_dorsum,Oral,Male
SRS020858,Buccal_mucosa,Oral,Male
SRS020862,Supragingival_plaque,Oral,Male
SRS020868,Anterior_nares,Skin,Male
SRS020869,Stool,Gut,Male
SRS020905,Anterior_nares,Skin,Male
SRS021153,Stool,Gut,Female
SRS021219,Stool,Gut,Female
SRS021473,Buccal_mucosa,Oral,Male
SRS021477,Supragingival_plaque,Oral,Male
SRS021483,Anterior_nares,Skin,Male
SRS021484,Stool,Gut,Male
SRS021496,Tongue_dorsum,Oral,Male
SRS021528,Tongue_dorsum,Oral,Male
SRS021897,Tongue_dorsum,Oral,Male
SRS021948,Stool,Gut,Female
SRS021954,Tongue_dorsum,Oral,Female
SRS021960,Supragingival_plaque,Oral,Female
SRS021969,Posterior_fornix,Vaginal,Female
SRS021986,Buccal_mucosa,Oral,Female
SRS022006,Anterior_nares,Skin,Female
SRS022071,Stool,Gut,Female
SRS022077,Tongue_dorsum,Oral,Female
SRS022079,Buccal_mucosa,Oral,Female
SRS022083,Supragingival_plaque,Oral,Female
SRS022092,Posterior_fornix,Vaginal,Female
SRS022093,Stool,Gut,Female
SRS022129,Anterior_nares,Skin,Female
SRS022137,Stool,Gut,Female
SRS022143,Tongue_dorsum,Oral,Female
SRS022145,Buccal_mucosa,Oral,Female
SRS022149,Supragingival_plaque,Oral,Female
SRS022158,Posterior_fornix,Vaginal,Female
SRS022281,Supragingival_plaque,Oral,Female
SRS022464,Tongue_dorsum,Oral,Female
SRS022524,Stool,Gut,Female
SRS022530,Tongue_dorsum,Oral,Female
SRS022532,Buccal_mucosa,Oral,Female
SRS022536,Supragingival_plaque,Oral,Female
SRS022545,Posterior_fornix,Vaginal,Female
SRS022602,Supragingival_plaque,Oral,Male
SRS022609,Stool,Gut,Male
SRS022621,Tongue_dorsum,Oral,Male
SRS022625,Buccal_mucosa,Oral,Male
SRS022645,Anterior_nares,Skin,Male
SRS022713,Stool,Gut,Female
SRS022721,Buccal_mucosa,Oral,Female
SRS022725,Supragingival_plaque,Oral,Female
SRS022734,Posterior_fornix,Vaginal,Female
SRS022883,Supragingival_plaque,Oral,Female
SRS022980,Supragingival_plaque,Oral,Female
SRS023212,Anterior_nares,Skin,Male
SRS023346,Stool,Gut,Female
SRS023352,Tongue_dorsum,Oral,Female
SRS023358,Supragingival_plaque,Oral,Female
SRS023466,Posterior_fornix,Vaginal,Female
SRS023468,Posterior_fornix,Vaginal,Female
SRS023526,Stool,Gut,Male
SRS023534,Buccal_mucosa,Oral,Male
SRS023538,Supragingival_plaque,Oral,Male
SRS023557,Tongue_dorsum,Oral,Male
SRS023583,Stool,Gut,Female
SRS023591,Buccal_mucosa,Oral,Female
SRS023595,Supragingival_plaque,Oral,Female
SRS023604,Posterior_fornix,Vaginal,Female
SRS023617,Tongue_dorsum,Oral,Female
SRS023715,Stool,Gut,Male
SRS023829,Stool,Gut,Female
SRS023835,Tongue_dorsum,Oral,Female
SRS023837,Buccal_mucosa,Oral,Female
SRS023841,Supragingival_plaque,Oral,Female
SRS023847,Anterior_nares,Skin,Female
SRS023850,Posterior_fornix,Vaginal,Female
SRS023914,Stool,Gut,Male
SRS023926,Tongue_dorsum,Oral,Male
SRS023930,Buccal_mucosa,Oral,Male
SRS023938,Supragingival_plaque,Oral,Male
SRS023958,Tongue_dorsum,Oral,Male
SRS023964,Supragingival_plaque,Oral,Male
SRS023970,Anterior_nares,Skin,Male
SRS023971,Stool,Gut,Male
SRS023987,Buccal_mucosa,Oral,Male
SRS024009,Stool,Gut,Female
SRS024015,Tongue_dorsum,Oral,Female
SRS024017,Buccal_mucosa,Oral,Female
SRS024021,Supragingival_plaque,Oral,Female
SRS024064,Anterior_nares,Skin,Female
SRS024068,Posterior_fornix,Vaginal,Female
SRS024075,Stool,Gut,Male
SRS024076,Stool,Gut,Male
SRS024081,Tongue_dorsum,Oral,Male
SRS024087,Supragingival_plaque,Oral,Male
SRS024107,Tongue_dorsum,Oral,Male
SRS024119,Supragingival_plaque,Oral,Male
SRS024132,Stool,Gut,Male
SRS024138,Tongue_dorsum,Oral,Male
SRS024140,Buccal_mucosa,Oral,Male
SRS024144,Supragingival_plaque,Oral,Male
SRS024150,Anterior_nares,Skin,Male
SRS024265,Stool,Gut,Female
SRS024277,Tongue_dorsum,Oral,Female
SRS024281,Buccal_mucosa,Oral,Female
SRS024289,Supragingival_plaque,Oral,Female
SRS024301,Anterior_nares,Skin,Female
SRS024310,Posterior_fornix,Vaginal,Female
SRS024318,Tongue_dorsum,Oral,Male
SRS024331,Stool,Gut,Male
SRS024347,Buccal_mucosa,Oral,Male
SRS024355,Supragingival_plaque,Oral,Male
SRS024375,Tongue_dorsum,Oral,Female
SRS024377,Buccal_mucosa,Oral,Female
SRS024381,Supragingival_plaque,Oral,Female
SRS024388,Stool,Gut,Female
SRS024424,Anterior_nares,Skin,Female
SRS024428,Posterior_fornix,Vaginal,Female
SRS024435,Stool,Gut,Male
SRS024441,Tongue_dorsum,Oral,Male
SRS024447,Supragingival_plaque,Oral,Male
SRS024470,Buccal_mucosa,Oral,Male
SRS024482,L_Retroauricular_crease,Skin,Male
SRS024492,Stool,Gut,Male
SRS024498,Tongue_dorsum,Oral,Male
SRS024500,Buccal_mucosa,Oral,Male
SRS024504,Supragingival_plaque,Oral,Male
SRS024549,Stool,Gut,Male
SRS024557,Buccal_mucosa,Oral,Male
SRS024561,Supragingival_plaque,Oral,Male
SRS024567,Anterior_nares,Skin,Male
SRS024580,Tongue_dorsum,Oral,Male
SRS024596,L_Retroauricular_crease,Skin,Male
SRS024598,R_Retroauricular_crease,Skin,Male
SRS024620,L_Retroauricular_crease,Skin,Male
SRS024625,Stool,Gut,Male
SRS024637,Tongue_dorsum,Oral,Male
SRS024649,Supragingival_plaque,Oral,Male
SRS024655,R_Retroauricular_crease,Skin,Male
SRS024663,Stool,Gut,Male
SRS042131,Tongue_dorsum,Oral,Male
SRS042231,Stool,Gut,Male
SRS042284,Stool,Gut,Female
SRS042307,Supragingival_plaque,Oral,Male
SRS042409,Buccal_mucosa,Oral,Female
SRS042428,Posterior_fornix,Vaginal,Female
SRS042457,Buccal_mucosa,Oral,Male
SRS042589,Tongue_dorsum,Oral,Male
SRS042600,Stool,Gut,Female
SRS042625,Posterior_fornix,Vaginal,Female
SRS042628,Stool,Gut,Male
SRS042643,Tongue_dorsum,Oral,Male
SRS042690,Stool,Gut,Male
SRS042691,Buccal_mucosa,Oral,Male
SRS042858,Posterior_fornix,Vaginal,Female
SRS042893,Stool,Gut,Female
SRS042910,Tongue_dorsum,Oral,Female
SRS042959,Anterior_nares,Skin,Male
SRS042966,Stool,Gut,Female
SRS042967,Stool,Gut,Female
SRS042983,Anterior_nares,Skin,Female
SRS042984,Supragingival_plaque,Oral,Female
SRS043001,Stool,Gut,Female
SRS043018,Supragingival_plaque,Oral,Female
SRS043083,Supragingival_plaque,Oral,Female
SRS043239,Buccal_mucosa,Oral,Female
SRS043275,Tongue_dorsum,Oral,Female
SRS043363,Anterior_nares,Skin,Male
SRS043411,Stool,Gut,Female
SRS043451,Anterior_nares,Skin,Male
SRS043461,Tongue_dorsum,Oral,Male
SRS043494,Tongue_dorsum,Oral,Female
SRS043610,L_Retroauricular_crease,Skin,Female
SRS043646,Buccal_mucosa,Oral,Male
SRS043663,Tongue_dorsum,Oral,Male
SRS043667,Stool,Gut,Male
SRS043676,Buccal_mucosa,Oral,Female
SRS043701,Stool,Gut,Male
SRS043729,Supragingival_plaque,Oral,Male
SRS043755,Supragingival_plaque,Oral,Male
SRS043768,Stool,Gut,Female
SRS043772,Supragingival_plaque,Oral,Male
SRS043803,Buccal_mucosa,Oral,Male
SRS043807,Buccal_mucosa,Oral,Male
SRS043841,Stool,Gut,Male
SRS043867,Supragingival_plaque,Oral,Female
SRS043942,Tongue_dorsum,Oral,Male
SRS044001,Buccal_mucosa,Oral,Female
SRS044082,Tongue_dorsum,Oral,Male
SRS044230,Supragingival_plaque,Oral,Male
SRS044365,Stool,Gut,Male
SRS044366,Supragingival_plaque,Oral,Female
SRS044373,Tongue_dorsum,Oral,Female
SRS044448,Supragingival_plaque,Oral,Female
SRS044472,Buccal_mucosa,Oral,Male
SRS044474,Anterior_nares,Skin,Male
SRS044486,Tongue_dorsum,Oral,Male
SRS044535,Stool,Gut,Male
SRS044626,Anterior_nares,Skin,Male
SRS044742,Posterior_fornix,Vaginal,Female
SRS044902,Posterior_fornix,Vaginal,Female
SRS044973,Stool,Gut,Male
SRS045004,Stool,Gut,Male
SRS045015,Supragingival_plaque,Oral,Female
SRS045049,Buccal_mucosa,Oral,Male
SRS045127,Tongue_dorsum,Oral,Male
SRS045195,Stool,Gut,Male
SRS045197,Supragingival_plaque,Oral,Male
SRS045244,Stool,Gut,Male
SRS045254,Buccal_mucosa,Oral,Male
SRS045262,Buccal_mucosa,Oral,Female
SRS045313,Supragingival_plaque,Oral,Male
SRS045528,Stool,Gut,Female
SRS045588,Supragingival_plaque,Oral,Male
SRS045602,Tongue_dorsum,Oral,Female
SRS045605,R_Retroauricular_crease,Skin,Female
SRS045606,R_Retroauricular_crease,Skin,Female
SRS045638,Buccal_mucosa,Oral,Male
SRS045645,Stool,Gut,Male
SRS045713,Stool,Gut,Male
SRS045715,Tongue_dorsum,Oral,Female
SRS045739,Stool,Gut,Male
SRS045763,Supragingival_plaque,Oral,Female
SRS045826,Stool,Gut,Female
SRS045840,Anterior_nares,Skin,Male
SRS045936,Stool,Gut,Male
SRS045938,Stool,Gut,Male
SRS045978,Buccal_mucosa,Oral,Female
SRS046034,Posterior_fornix,Vaginal,Female
SRS046035,Anterior_nares,Skin,Male
SRS046049,Anterior_nares,Skin,Male
SRS046068,Stool,Gut,Male
SRS046344,Anterior_nares,Skin,Male
SRS046369,Stool,Gut,Female
SRS046496,Tongue_dorsum,Oral,Female
SRS046502,Stool,Gut,Female
SRS046595,Tongue_dorsum,Oral,Male
SRS046623,Buccal_mucosa,Oral,Male
SRS046686,Buccal_mucosa,Oral,Male
SRS046688,R_Retroauricular_crease,Skin,Male
SRS046712,Stool,Gut,Female
SRS046717,Stool,Gut,Male
SRS046810,Stool,Gut,Male
SRS046973,Anterior_nares,Skin,Male
SRS047014,Stool,Gut,Male
SRS047044,Stool,Gut,Male
SRS047069,Stool,Gut,Female
SRS047100,Supragingival_plaque,Oral,Female
SRS047113,Supragingival_plaque,Oral,Male
SRS047126,Supragingival_plaque,Oral,Female
SRS047134,R_Retroauricular_crease,Skin,Female
SRS047140,Posterior_fornix,Vaginal,Female
SRS047210,Tongue_dorsum,Oral,Female
SRS047219,Tongue_dorsum,Oral,Male
SRS047225,Anterior_nares,Skin,Male
SRS047254,Anterior_nares,Skin,Male
SRS047265,Supragingival_plaque,Oral,Male
SRS047290,Tongue_dorsum,Oral,Female
SRS047335,Posterior_fornix,Vaginal,Female
SRS047433,Stool,Gut,Female
SRS047590,Supragingival_plaque,Oral,Male
SRS047634,Supragingival_plaque,Oral,Male
SRS047708,Anterior_nares,Skin,Female
SRS047741,Stool,Gut,Male
SRS047824,Tongue_dorsum,Oral,Female
SRS047844,Anterior_nares,Skin,Male
SRS048060,Stool,Gut,Female
SRS048164,Stool,Gut,Male
SRS048262,Stool,Gut,Male
SRS048307,Stool,Gut,Female
SRS048317,Tongue_dorsum,Oral,Female
SRS048411,Tongue_dorsum,Oral,Male
SRS048536,Posterior_fornix,Vaginal,Female
SRS048620,Buccal_mucosa,Oral,Female
SRS048654,Stool,Gut,Female
SRS048702,Anterior_nares,Skin,Male
SRS048719,Buccal_mucosa,Oral,Male
SRS048744,Tongue_dorsum,Oral,Female
SRS048791,Tongue_dorsum,Oral,Female
SRS048855,Anterior_nares,Skin,Male
SRS048870,Stool,Gut,Female
SRS048893,Tongue_dorsum,Oral,Female
SRS048981,Stool,Gut,Male
SRS049099,Anterior_nares,Skin,Female
SRS049147,Tongue_dorsum,Oral,Female
SRS049164,Stool,Gut,Male
SRS049191,Anterior_nares,Skin,Female
SRS049237,Posterior_fornix,Vaginal,Female
SRS049253,Tongue_dorsum,Oral,Male
SRS049268,Supragingival_plaque,Oral,Male
SRS049283,Buccal_mucosa,Oral,Male
SRS049289,Buccal_mucosa,Oral,Male
SRS049318,Supragingival_plaque,Oral,Female
SRS049340,Posterior_fornix,Vaginal,Female
SRS049389,Tongue_dorsum,Oral,Male
SRS049390,Posterior_fornix,Vaginal,Female
SRS049392,Supragingival_plaque,Oral,Male
SRS049402,Stool,Gut,Female
SRS049446,Stool,Gut,Female
SRS049448,Tongue_dorsum,Oral,Male
SRS049541,Posterior_fornix,Vaginal,Female
SRS049547,L_Retroauricular_crease,Skin,Male
SRS049712,Stool,Gut,Male
SRS049744,Anterior_nares,Skin,Male
SRS049773,Stool,Gut,Female
SRS049896,Stool,Gut,Male
SRS049900,Stool,Gut,Male
SRS049959,Stool,Gut,Male
SRS049988,Buccal_mucosa,Oral,Male
SRS049995,Stool,Gut,Female
SRS050007,Buccal_mucosa,Oral,Female
SRS050025,Anterior_nares,Skin,Male
SRS050026,Stool,Gut,Female
SRS050029,Buccal_mucosa,Oral,Female
SRS050071,Buccal_mucosa,Oral,Female
SRS050184,Posterior_fornix,Vaginal,Female
SRS050225,Anterior_nares,Skin,Female
SRS050244,Tongue_dorsum,Oral,Female
SRS050299,Stool,Gut,Male
SRS050422,Stool,Gut,Male
SRS050484,Anterior_nares,Skin,Female
SRS050520,Stool,Gut,Female
SRS050557,R_Retroauricular_crease,Skin,Female
SRS050628,Buccal_mucosa,Oral,Male
SRS050669,Tongue_dorsum,Oral,Male
SRS050709,Tongue_dorsum,Oral,Male
SRS050752,Stool,Gut,Female
SRS050783,Buccal_mucosa,Oral,Female
SRS050799,Supragingival_plaque,Oral,Female
SRS050801,Stool,Gut,Male
SRS050905,Buccal_mucosa,Oral,Female
SRS050925,Stool,Gut,Male
SRS050941,Stool,Gut,Male
SRS050974,Stool,Gut,Male
SRS050998,Stool,Gut,Male
SRS051031,Stool,Gut,Male
SRS051060,Tongue_dorsum,Oral,Female
SRS051116,Buccal_mucosa,Oral,Female
SRS051228,Supragingival_plaque,Oral,Female
SRS051244,Supragingival_plaque,Oral,Male
SRS051378,Supragingival_plaque,Oral,Female
SRS051505,Posterior_fornix,Vaginal,Female
SRS051548,Posterior_fornix,Vaginal,Female
SRS051600,Anterior_nares,Skin,Male
SRS051610,Stool,Gut,Female
SRS051613,Anterior_nares,Skin,Male
SRS051637,Posterior_fornix,Vaginal,Female
SRS051786,Buccal_mucosa,Oral,Female
SRS051791,Tongue_dorsum,Oral,Male
SRS051882,Stool,Gut,Female
SRS051930,Supragingival_plaque,Oral,Female
SRS051941,Supragingival_plaque,Oral,Female
SRS052027,Stool,Gut,Male
SRS052061,Supragingival_plaque,Oral,Male
SRS052078,Stool,Gut,Male
SRS052095,Supragingival_plaque,Oral,Male
SRS052227,Tongue_dorsum,Oral,Female
SRS052330,Posterior_fornix,Vaginal,Female
SRS052518,Tongue_dorsum,Oral,Male
SRS052570,Tongue_dorsum,Oral,Female
SRS052576,Stool,Gut,Male
SRS052590,Anterior_nares,Skin,Female
SRS052604,Supragingival_plaque,Oral,Female
SRS052620,Posterior_fornix,Vaginal,Female
SRS052668,Buccal_mucosa,Oral,Female
SRS052697,Stool,Gut,Female
SRS052756,Posterior_fornix,Vaginal,Female
SRS052778,Anterior_nares,Skin,Male
SRS052859,Posterior_fornix,Vaginal,Female
SRS052874,Buccal_mucosa,Oral,Female
SRS052876,Supragingival_plaque,Oral,Female
SRS052988,R_Retroauricular_crease,Skin,Male
SRS053087,Stool,Gut,Female
SRS053214,Stool,Gut,Female
SRS053290,Stool,Gut,Female
SRS053335,Stool,Gut,Female
SRS053356,Stool,Gut,Male
SRS053398,Stool,Gut,Female
SRS053437,Anterior_nares,Skin,Female
SRS053573,Stool,Gut,Male
SRS053578,L_Retroauricular_crease,Skin,Male
SRS053583,Tongue_dorsum,Oral,Male
SRS053584,Supragingival_plaque,Oral,Male
SRS053587,Stool,Gut,Male
SRS053603,Tongue_dorsum,Oral,Female
SRS053630,Supragingival_plaque,Oral,Female
SRS053649,Stool,Gut,Female
SRS053741,Posterior_fornix,Vaginal,Female
SRS053854,Tongue_dorsum,Oral,Female
SRS053895,Supragingival_plaque,Oral,Male
SRS053917,Supragingival_plaque,Oral,Female
SRS054018,Buccal_mucosa,Oral,Female
SRS054059,Stool,Gut,Male
SRS054061,Anterior_nares,Skin,Female
SRS054079,Tongue_dorsum,Oral,Male
SRS054196,Supragingival_plaque,Oral,Male
SRS054352,Stool,Gut,Male
SRS054430,Supragingival_plaque,Oral,Male
SRS054569,Buccal_mucosa,Oral,Male
SRS054590,Stool,Gut,Female
SRS054653,Supragingival_plaque,Oral,Female
SRS054687,Tongue_dorsum,Oral,Female
SRS054753,Stool,Gut,Female
SRS054776,Buccal_mucosa,Oral,Male
SRS054807,Tongue_dorsum,Oral,Male
SRS054869,Stool,Gut,Male
SRS054905,Stool,Gut,Female
SRS054956,Stool,Gut,Female
SRS054962,Posterior_fornix,Vaginal,Female
SRS054976,Tongue_dorsum,Oral,Female
SRS054995,Supragingival_plaque,Oral,Female
SRS055017,Stool,Gut,Male
SRS055018,Posterior_fornix,Vaginal,Female
SRS055118,Buccal_mucosa,Oral,Female
SRS055177,Tongue_dorsum,Oral,Male
SRS055288,Stool,Gut,Female
SRS055298,Posterior_fornix,Vaginal,Female
SRS055378,Supragingival_plaque,Oral,Male
SRS055401,Supragingival_plaque,Oral,Female
SRS055426,Tongue_dorsum,Oral,Male
SRS055450,Supragingival_plaque,Oral,Male
SRS055495,Tongue_dorsum,Oral,Male
SRS055533,Stool,Gut,Male
SRS055966,Stool,Gut,Male
SRS055982,Stool,Gut,Female
SRS056042,Buccal_mucosa,Oral,Female
SRS056090,Supragingival_plaque,Oral,Female
SRS056113,Supragingival_plaque,Oral,Male
SRS056156,Posterior_fornix,Vaginal,Female
SRS056157,Buccal_mucosa,Oral,Female
SRS056210,Anterior_nares,Skin,Female
SRS056259,Stool,Gut,Male
SRS056273,Stool,Gut,Male
SRS056323,Tongue_dorsum,Oral,Female
SRS056327,Tongue_dorsum,Oral,Female
SRS056447,Supragingival_plaque,Oral,Female
SRS056461,Buccal_mucosa,Oral,Male
SRS056481,Stool,Gut,Female
SRS056483,Posterior_fornix,Vaginal,Female
SRS056519,Stool,Gut,Male
SRS056537,Supragingival_plaque,Oral,Female
SRS056622,Tongue_dorsum,Oral,Female
SRS056623,Posterior_fornix,Vaginal,Female
SRS056695,Posterior_fornix,Vaginal,Female
SRS056699,L_Retroauricular_crease,Skin,Male
SRS056712,Anterior_nares,Skin,Male
SRS056796,Posterior_fornix,Vaginal,Female
SRS056892,Buccal_mucosa,Oral,Female
SRS056896,Tongue_dorsum,Oral,Male
SRS056906,Anterior_nares,Skin,Female
SRS056951,Supragingival_plaque,Oral,Female
SRS057022,Buccal_mucosa,Oral,Female
SRS057049,Stool,Gut,Male
SRS057083,R_Retroauricular_crease,Skin,Male
SRS057124,Tongue_dorsum,Oral,Female
SRS057205,Tongue_dorsum,Oral,Male
SRS057244,Tongue_dorsum,Oral,Male
SRS057344,Posterior_fornix,Vaginal,Female
SRS057355,Tongue_dorsum,Oral,Male
SRS057389,Buccal_mucosa,Oral,Male
SRS057478,Stool,Gut,Female
SRS057480,Stool,Gut,Female
SRS057490,Supragingival_plaque,Oral,Male
SRS057539,Tongue_dorsum,Oral,Male
SRS057559,L_Retroauricular_crease,Skin,Female
SRS057619,Supragingival_plaque,Oral,Male
SRS057692,Tongue_dorsum,Oral,Male
SRS057717,Stool,Gut,Female
SRS057791,Tongue_dorsum,Oral,Male
SRS057807,Posterior_fornix,Vaginal,Female
SRS057886,Supragingival_plaque,Oral,Female
SRS057894,Posterior_fornix,Vaginal,Female
SRS057931,Buccal_mucosa,Oral,Female
SRS058053,Supragingival_plaque,Oral,Male
SRS058070,Stool,Gut,Male
SRS058075,Buccal_mucosa,Oral,Male
SRS058094,Anterior_nares,Skin,Male
SRS058105,Buccal_mucosa,Oral,Male
SRS058145,Stool,Gut,Male
SRS058182,R_Retroauricular_crease,Skin,Male
SRS058186,Buccal_mucosa,Oral,Female
SRS058213,Anterior_nares,Skin,Female
SRS058221,R_Retroauricular_crease,Skin,Male
SRS058261,Supragingival_plaque,Oral,Male
SRS058268,Stool,Gut,Male
SRS058336,Tongue_dorsum,Oral,Male
SRS058456,Anterior_nares,Skin,Male
SRS058646,L_Retroauricular_crease,Skin,Female
SRS058693,Tongue_dorsum,Oral,Female
SRS058723,Stool,Gut,Female
SRS058730,Supragingival_plaque,Oral,Male
SRS058770,Stool,Gut,Male
SRS058808,Supragingival_plaque,Oral,Male
SRS062418,Subgingival_plaque,Oral,Male
SRS062427,Stool,Gut,Male
SRS062512,Posterior_fornix,Vaginal,Female
SRS062520,Posterior_fornix,Vaginal,Female
SRS062540,Tongue_dorsum,Oral,Female
SRS062544,Tongue_dorsum,Oral,Male
SRS062545,Vaginal_introitus,Vaginal,Female
SRS062632,Anterior_nares,Skin,Male
SRS062640,Anterior_nares,Skin,Male
SRS062654,Stool,Gut,Female
SRS062668,Throat,Oral,Female
SRS062701,Stool,Gut,Female
SRS062713,Anterior_nares,Skin,Female
SRS062714,Tongue_dorsum,Oral,Female
SRS062716,Stool,Gut,Female
SRS062752,Vaginal_introitus,Vaginal,Female
SRS062761,Tongue_dorsum,Oral,Male
SRS062878,Hard_palate,Oral,Male
SRS062906,Vaginal_introitus,Vaginal,Female
SRS062931,Supragingival_plaque,Oral,Male
SRS063005,Anterior_nares,Skin,Female
SRS063035,Anterior_nares,Skin,Male
SRS063040,Stool,Gut,Female
SRS063102,Anterior_nares,Skin,Male
SRS063116,Anterior_nares,Skin,Male
SRS063127,Stool,Gut,Male
SRS063140,Throat,Oral,Male
SRS063178,Anterior_nares,Skin,Male
SRS063190,Stool,Gut,Female
SRS063193,Tongue_dorsum,Oral,Female
SRS063215,Subgingival_plaque,Oral,Female
SRS063246,Supragingival_plaque,Oral,Male
SRS063272,Buccal_mucosa,Oral,Female
SRS063287,Buccal_mucosa,Oral,Male
SRS063288,Tongue_dorsum,Oral,Female
SRS063351,Palatine_Tonsils,Oral,Female
SRS063370,Stool,Gut,Male
SRS063373,Tongue_dorsum,Oral,Male
SRS063413,Buccal_mucosa,Oral,Male
SRS063417,Posterior_fornix,Vaginal,Female
SRS063418,Anterior_nares,Skin,Male
SRS063478,Buccal_mucosa,Oral,Female
SRS063485,Supragingival_plaque,Oral,Female
SRS063486,Buccal_mucosa,Oral,Male
SRS063489,Stool,Gut,Female
SRS063492,Buccal_mucosa,Oral,Female
SRS063518,Stool,Gut,Female
SRS063603,Supragingival_plaque,Oral,Female
SRS063621,Palatine_Tonsils,Oral,Female
SRS063672,Subgingival_plaque,Oral,Male
SRS063678,Buccal_mucosa,Oral,Male
SRS063686,Anterior_nares,Skin,Male
SRS063801,Buccal_mucosa,Oral,Female
SRS063804,Posterior_fornix,Vaginal,Female
SRS063813,Stool,Gut,Male
SRS063823,Keratinized_gingiva,Oral,Female
SRS063858,Buccal_mucosa,Oral,Female
SRS063871,Tongue_dorsum,Oral,Female
SRS063912,Anterior_nares,Skin,Male
SRS063928,Stool,Gut,Female
SRS063929,Throat,Oral,Male
SRS063985,Stool,Gut,Female
SRS063999,Supragingival_plaque,Oral,Female
SRS064014,Tongue_dorsum,Oral,Male
SRS064022,Palatine_Tonsils,Oral,Male
SRS064097,Anterior_nares,Skin,Female
SRS064158,Supragingival_plaque,Oral,Female
SRS064197,Keratinized_gingiva,Oral,Male
SRS064219,Supragingival_plaque,Oral,Male
SRS064225,Posterior_fornix,Vaginal,Female
SRS064232,Stool,Gut,Female
SRS064234,Buccal_mucosa,Oral,Female
SRS064260,Supragingival_plaque,Oral,Male
SRS064263,Posterior_fornix,Vaginal,Female
SRS064276,Stool,Gut,Female
SRS064376,Posterior_fornix,Vaginal,Female
SRS064382,Vaginal_introitus,Vaginal,Female
SRS064393,Buccal_mucosa,Oral,Male
SRS064423,Tongue_dorsum,Oral,Female
SRS064449,Supragingival_plaque,Oral,Female
SRS064466,Subgingival_plaque,Oral,Female
SRS064482,Palatine_Tonsils,Oral,Female
SRS064557,Stool,Gut,Female
SRS064568,Posterior_fornix,Vaginal,Female
SRS064572,L_Retroauricular_crease,Skin,Male
SRS064617,Buccal_mucosa,Oral,Male
SRS064645,Stool,Gut,Male
SRS064662,Stool,Gut,Female
SRS064666,Posterior_fornix,Vaginal,Female
SRS064704,Posterior_fornix,Vaginal,Female
SRS064757,Stool,Gut,Female
SRS064774,Tongue_dorsum,Oral,Female
SRS064809,Buccal_mucosa,Oral,Female
SRS064831,Palatine_Tonsils,Oral,Female
SRS064937,Supragingival_plaque,Oral,Male
SRS064973,Stool,Gut,Male
SRS064996,Buccal_mucosa,Oral,Female
SRS065091,Tongue_dorsum,Oral,Male
SRS065099,Supragingival_plaque,Oral,Female
SRS065133,Buccal_mucosa,Oral,Male
SRS065142,Anterior_nares,Skin,Female
SRS065176,Stool,Gut,Female
SRS065179,Anterior_nares,Skin,Female
SRS065187,R_Retroauricular_crease,Skin,Female
SRS065278,Tongue_dorsum,Oral,Female
SRS065299,Tongue_dorsum,Oral,Female
SRS065306,Palatine_Tonsils,Oral,Male
SRS065310,Supragingival_plaque,Oral,Female
SRS065335,Throat,Oral,Male
SRS065347,Posterior_fornix,Vaginal,Female
SRS065397,Stool,Gut,Female
SRS065431,Buccal_mucosa,Oral,Female
SRS065504,Stool,Gut,Female
SRS065518,Saliva,Oral,Male
SRS065542,Supragingival_plaque,Oral,Female
SRS065547,Mid_vagina,Vaginal,Female
SRS065720,Throat,Oral,Female
SRS074586,Stool,Gut,Female
SRS074592,Tongue_dorsum,Oral,Female
SRS074598,Supragingival_plaque,Oral,Female
SRS074663,Posterior_fornix,Vaginal,Female
SRS074670,Stool,Gut,Male
SRS074676,Tongue_dorsum,Oral,Male
SRS074678,Buccal_mucosa,Oral,Male
SRS074682,Supragingival_plaque,Oral,Male
SRS074688,Anterior_nares,Skin,Male
SRS074964,Stool,Gut,Male
SRS074970,Tongue_dorsum,Oral,Male
SRS074972,Buccal_mucosa,Oral,Male
SRS074976,Supragingival_plaque,Oral,Male
SRS074982,Anterior_nares,Skin,Male
SRS075021,Stool,Gut,Male
SRS075033,Supragingival_plaque,Oral,Male
SRS075078,Stool,Gut,Male
SRS075084,Tongue_dorsum,Oral,Male
SRS075086,Buccal_mucosa,Oral,Male
SRS075090,Supragingival_plaque,Oral,Male
SRS075092,L_Retroauricular_crease,Skin,Male
SRS075093,R_Retroauricular_crease,Skin,Male
SRS075096,Anterior_nares,Skin,Male
SRS075341,Stool,Gut,Male
SRS075347,Tongue_dorsum,Oral,Male
SRS075349,Buccal_mucosa,Oral,Male
SRS075353,Supragingival_plaque,Oral,Male
SRS075355,L_Retroauricular_crease,Skin,Male
SRS075356,R_Retroauricular_crease,Skin,Male
SRS075359,Anterior_nares,Skin,Male
SRS075398,Stool,Gut,Female
SRS075399,Stool,Gut,Female
SRS075404,Tongue_dorsum,Oral,Female
SRS075406,Buccal_mucosa,Oral,Female
SRS075410,Supragingival_plaque,Oral,Female
SRS075419,Posterior_fornix,Vaginal,Female
SRS075433,Tongue_dorsum,Oral,Female
SRS075437,Buccal_mucosa,Oral,Female
SRS075445,Supragingival_plaque,Oral,Female
SRS075463,Posterior_fornix,Vaginal,Female
SRS075716,Stool,Gut,Female
SRS075765,Tongue_dorsum,Oral,Male
SRS075767,Buccal_mucosa,Oral,Male
SRS075771,Supragingival_plaque,Oral,Male
SRS075773,Stool,Gut,Male
SRS075778,Anterior_nares,Skin,Male
SRS075813,Tongue_dorsum,Oral,Female
SRS075815,Buccal_mucosa,Oral,Female
SRS075819,Supragingival_plaque,Oral,Female
SRS075821,Stool,Gut,Female
SRS075826,Anterior_nares,Skin,Female
SRS075829,Posterior_fornix,Vaginal,Female
SRS075870,Tongue_dorsum,Oral,Female
SRS075872,Buccal_mucosa,Oral,Female
SRS075876,Supragingival_plaque,Oral,Female
SRS075878,Stool,Gut,Female
SRS075883,Anterior_nares,Skin,Female
SRS075886,Posterior_fornix,Vaginal,Female
SRS075927,Buccal_mucosa,Oral,Female
SRS075947,Tongue_dorsum,Oral,Female
SRS075950,Buccal_mucosa,Oral,Female
SRS075953,Keratinized_gingiva,Oral,Female
SRS075957,Throat,Oral,Female
SRS075959,Supragingival_plaque,Oral,Female
SRS075961,Subgingival_plaque,Oral,Female
SRS075963,Stool,Gut,Female
SRS075975,Vaginal_introitus,Vaginal,Female
SRS075977,Mid_vagina,Vaginal,Female
SRS075979,Posterior_fornix,Vaginal,Female
SRS075980,Anterior_nares,Skin,Female
SRS075983,Posterior_fornix,Vaginal,Female
SRS075984,Stool,Gut,Female
SRS075987,Tongue_dorsum,Oral,Female
SRS075989,Buccal_mucosa,Oral,Female
SRS075993,Supragingival_plaque,Oral,Female
SRS076756,Stool,Gut,Male
SRS076761,Anterior_nares,Skin,Male
SRS076764,Tongue_dorsum,Oral,Male
SRS076766,Buccal_mucosa,Oral,Male
SRS076770,Supragingival_plaque,Oral,Male
SRS076804,Stool,Gut,Female
SRS076809,Anterior_nares,Skin,Female
SRS076812,Posterior_fornix,Vaginal,Female
SRS076815,Tongue_dorsum,Oral,Female
SRS076817,Buccal_mucosa,Oral,Female
SRS076821,Supragingival_plaque,Oral,Female
SRS076865,Anterior_nares,Skin,Male
SRS076868,Tongue_dorsum,Oral,Male
SRS076870,Buccal_mucosa,Oral,Male
SRS076874,Supragingival_plaque,Oral,Male
SRS076876,Stool,Gut,Male
SRS076926,Supragingival_plaque,Oral,Female
SRS076929,Stool,Gut,Female
SRS076945,Posterior_fornix,Vaginal,Female
SRS076951,Tongue_dorsum,Oral,Female
SRS076976,Stool,Gut,Male
SRS076981,Anterior_nares,Skin,Male
SRS077016,Tongue_dorsum,Oral,Female
SRS077018,Buccal_mucosa,Oral,Female
SRS077022,Supragingival_plaque,Oral,Female
SRS077024,Stool,Gut,Female
SRS077032,Posterior_fornix,Vaginal,Female
SRS077075,Buccal_mucosa,Oral,Male
SRS077085,Anterior_nares,Skin,Male
SRS077086,Stool,Gut,Male
SRS077092,Tongue_dorsum,Oral,Male
SRS077095,Buccal_mucosa,Oral,Male
SRS077104,Supragingival_plaque,Oral,Male
SRS077115,Anterior_nares,Skin,Male
SRS077117,Stool,Gut,Male
SRS077127,Stool,Gut,Female
SRS077187,Buccal_mucosa,Oral,Female
SRS077194,Stool,Gut,Female
SRS077206,Vaginal_introitus,Vaginal,Female
SRS077210,Posterior_fornix,Vaginal,Female
SRS077216,Tongue_dorsum,Oral,Female
SRS077231,Stool,Gut,Male
SRS077239,Tongue_dorsum,Oral,Male
SRS077241,Buccal_mucosa,Oral,Male
SRS077245,Supragingival_plaque,Oral,Male
SRS077283,Buccal_mucosa,Oral,Male
SRS077294,Stool,Gut,Male
SRS077300,Tongue_dorsum,Oral,Male
SRS077303,Buccal_mucosa,Oral,Male
SRS077308,Palatine_Tonsils,Oral,Male
SRS077312,Subgingival_plaque,Oral,Male
SRS077323,Stool,Gut,Male
SRS077327,Tongue_dorsum,Oral,Female
SRS077329,Buccal_mucosa,Oral,Female
SRS077335,Stool,Gut,Female
SRS077343,Posterior_fornix,Vaginal,Female
SRS077364,Stool,Gut,Female
SRS077384,Tongue_dorsum,Oral,Female
SRS077386,Buccal_mucosa,Oral,Female
SRS077390,Supragingival_plaque,Oral,Female
SRS077392,Stool,Gut,Female
SRS077397,Anterior_nares,Skin,Female
SRS077400,Posterior_fornix,Vaginal,Female
SRS077441,Tongue_dorsum,Oral,Male
SRS077443,Buccal_mucosa,Oral,Male
SRS077447,Supragingival_plaque,Oral,Male
SRS077453,Anterior_nares,Skin,Male
SRS077454,Stool,Gut,Male
SRS077491,Buccal_mucosa,Oral,Male
SRS077501,Anterior_nares,Skin,Male
SRS077502,Stool,Gut,Male
SRS077508,Tongue_dorsum,Oral,Male
SRS077520,Supragingival_plaque,Oral,Male
SRS077533,Stool,Gut,Male
SRS077540,Anterior_nares,Skin,Male
SRS077545,Buccal_mucosa,Oral,Male
SRS077549,Supragingival_plaque,Oral,Male
SRS077552,Stool,Gut,Male
SRS077561,Anterior_nares,Skin,Male
SRS077568,Tongue_dorsum,Oral,Male
SRS077571,Buccal_mucosa,Oral,Male
SRS077589,Stool,Gut,Male
SRS077633,Tongue_dorsum,Oral,Female
SRS077635,Buccal_mucosa,Oral,Female
SRS077639,Supragingival_plaque,Oral,Female
SRS077641,Stool,Gut,Female
SRS077646,Anterior_nares,Skin,Female
SRS077649,Posterior_fornix,Vaginal,Female
SRS077730,Stool,Gut,Female
SRS077731,Stool,Gut,Female
SRS077736,Tongue_dorsum,Oral,Female
SRS077738,Buccal_mucosa,Oral,Female
SRS077744,L_Retroauricular_crease,Skin,Female
SRS077745,R_Retroauricular_crease,Skin,Female
SRS077751,Posterior_fornix,Vaginal,Female
SRS077753,Stool,Gut,Female
SRS077763,Tongue_dorsum,Oral,Female
SRS077767,Buccal_mucosa,Oral,Female
SRS077793,Posterior_fornix,Vaginal,Female
SRS077849,Stool,Gut,Male
SRS077855,Tongue_dorsum,Oral,Male
SRS077857,Buccal_mucosa,Oral,Male
SRS077861,Supragingival_plaque,Oral,Male
SRS077863,L_Retroauricular_crease,Skin,Male
SRS077864,R_Retroauricular_crease,Skin,Male
SRS077916,Tongue_dorsum,Oral,Male
SRS077918,Buccal_mucosa,Oral,Male
SRS077922,Supragingival_plaque,Oral,Male
SRS077991,Stool,Gut,Male
SRS077997,Tongue_dorsum,Oral,Male
SRS077999,Buccal_mucosa,Oral,Male
SRS078003,Supragingival_plaque,Oral,Male
SRS078176,Stool,Gut,Female
SRS078177,Stool,Gut,Female
SRS078182,Tongue_dorsum,Oral,Female
SRS078197,Posterior_fornix,Vaginal,Female
SRS078211,Tongue_dorsum,Oral,Female
SRS078215,Buccal_mucosa,Oral,Female
SRS078223,Supragingival_plaque,Oral,Female
SRS078235,Anterior_nares,Skin,Female
SRS078241,Posterior_fornix,Vaginal,Female
SRS078242,Stool,Gut,Female
SRS078248,Tongue_dorsum,Oral,Female
SRS078250,Buccal_mucosa,Oral,Female
SRS078257,R_Retroauricular_crease,Skin,Female
SRS078260,Anterior_nares,Skin,Female
SRS078263,Posterior_fornix,Vaginal,Female
SRS078419,Stool,Gut,Male
SRS078425,Tongue_dorsum,Oral,Male
SRS078427,Buccal_mucosa,Oral,Male
SRS078431,Supragingival_plaque,Oral,Male
SRS078433,L_Retroauricular_crease,Skin,Male
SRS078434,R_Retroauricular_crease,Skin,Male
SRS078665,Stool,Gut,Female
SRS078671,Tongue_dorsum,Oral,Female
SRS078673,Buccal_mucosa,Oral,Female
SRS078677,Supragingival_plaque,Oral,Female
SRS078679,L_Retroauricular_crease,Skin,Female
SRS078683,Anterior_nares,Skin,Female
SRS078686,Posterior_fornix,Vaginal,Female
SRS078733,Tongue_dorsum,Oral,Male
SRS078738,Supragingival_plaque,Oral,Male
SRS078741,R_Retroauricular_crease,Skin,Male
SRS078744,Anterior_nares,Skin,Male
SRS078775,Buccal_mucosa,Oral,Male
SRS079308,Supragingival_plaque,Oral,Male
SRS097866,Buccal_mucosa,Oral,Female
SRS097867,Keratinized_gingiva,Oral,Female
SRS097871,Subgingival_plaque,Oral,Female
SRS097885,Mid_vagina,Vaginal,Female
SRS097887,Posterior_fornix,Vaginal,Female
SRS097889,Stool,Gut,Female
SRS097895,Tongue_dorsum,Oral,Female
SRS097898,Buccal_mucosa,Oral,Female
SRS097905,Throat,Oral,Female
SRS097907,Supragingival_plaque,Oral,Female
SRS097912,Tongue_dorsum,Oral,Male
SRS097914,Buccal_mucosa,Oral,Male
SRS097918,Supragingival_plaque,Oral,Male
SRS097920,Stool,Gut,Male
SRS097925,Anterior_nares,Skin,Male
SRS097958,Stool,Gut,Male
SRS097966,Tongue_dorsum,Oral,Male
SRS097968,Buccal_mucosa,Oral,Male
SRS097972,Supragingival_plaque,Oral,Male
SRS098033,Anterior_nares,Skin,Female
SRS098039,Posterior_fornix,Vaginal,Female
SRS098045,Tongue_dorsum,Oral,Female
SRS098049,Buccal_mucosa,Oral,Female
SRS098057,Supragingival_plaque,Oral,Female
SRS098061,Stool,Gut,Female
SRS098065,Tongue_dorsum,Oral,Female
SRS098067,Buccal_mucosa,Oral,Female
SRS098071,Supragingival_plaque,Oral,Female
SRS098073,Stool,Gut,Female
SRS098078,Anterior_nares,Skin,Female
SRS098081,Posterior_fornix,Vaginal,Female
SRS098482,Supragingival_plaque,Oral,Female
SRS098498,Tongue_dorsum,Oral,Female
SRS098502,Buccal_mucosa,Oral,Female
SRS098514,Stool,Gut,Female
SRS098530,Posterior_fornix,Vaginal,Female
SRS098535,Buccal_mucosa,Oral,Female
SRS098567,Supragingival_plaque,Oral,Female
SRS098571,Stool,Gut,Female
SRS098585,Mid_vagina,Vaginal,Female
SRS098587,Posterior_fornix,Vaginal,Female
SRS098602,Anterior_nares,Skin,Female
SRS098612,Tongue_dorsum,Oral,Female
SRS098616,Buccal_mucosa,Oral,Female
SRS098618,Keratinized_gingiva,Oral,Female
SRS098620,Palatine_Tonsils,Oral,Female
SRS098624,Supragingival_plaque,Oral,Female
SRS098626,Subgingival_plaque,Oral,Female
SRS098640,Mid_vagina,Vaginal,Female
SRS098642,Posterior_fornix,Vaginal,Female
SRS098644,Stool,Gut,Female
SRS098655,Stool,Gut,Female
SRS098704,Tongue_dorsum,Oral,Male
SRS098706,Buccal_mucosa,Oral,Male
SRS098717,Stool,Gut,Male
SRS098735,Supragingival_plaque,Oral,Male
SRS098748,Stool,Gut,Male
SRS098815,Posterior_fornix,Vaginal,Female
SRS098818,Tongue_dorsum,Oral,Female
SRS098820,Buccal_mucosa,Oral,Female
SRS098824,Supragingival_plaque,Oral,Female
SRS098827,Stool,Gut,Female
SRS098842,Posterior_fornix,Vaginal,Female
SRS098848,Tongue_dorsum,Oral,Female
SRS098860,Supragingival_plaque,Oral,Female
SRS098867,Tongue_dorsum,Oral,Male
SRS098869,Buccal_mucosa,Oral,Male
SRS098881,Stool,Gut,Male
SRS098886,Tongue_dorsum,Oral,Male
SRS099357,Anterior_nares,Skin,Male
SRS100021,Stool,Gut,Male
SRS100027,Tongue_dorsum,Oral,Male
SRS100029,Buccal_mucosa,Oral,Male
SRS100033,Supragingival_plaque,Oral,Male
SRS100036,R_Retroauricular_crease,Skin,Male
SRS100039,Anterior_nares,Skin,Male
SRS100907,Stool,Gut,Female
SRS101268,Stool,Gut,Male
SRS101280,Supragingival_plaque,Oral,Male
SRS101376,Stool,Gut,Male
SRS101382,Tongue_dorsum,Oral,Male
SRS101384,Buccal_mucosa,Oral,Male
SRS101388,Supragingival_plaque,Oral,Male
SRS101433,Stool,Gut,Female
SRS101439,Tongue_dorsum,Oral,Female
SRS101441,Buccal_mucosa,Oral,Female
SRS101445,Supragingival_plaque,Oral,Female
SRS101448,R_Retroauricular_crease,Skin,Female
SRS101451,Anterior_nares,Skin,Female
SRS101454,Posterior_fornix,Vaginal,Female
SRS102808,Tongue_dorsum,Oral,Female
SRS102810,Buccal_mucosa,Oral,Female
SRS102814,Supragingival_plaque,Oral,Female
SRS102816,L_Retroauricular_crease,Skin,Female
SRS102817,R_Retroauricular_crease,Skin,Female
SRS102820,Anterior_nares,Skin,Female
SRS102823,Posterior_fornix,Vaginal,Female
SRS103938,Posterior_fornix,Vaginal,Female
SRS103943,Buccal_mucosa,Oral,Female
SRS103959,Anterior_nares,Skin,Female
SRS103964,Posterior_fornix,Vaginal,Female
SRS103971,Tongue_dorsum,Oral,Female
SRS103974,Buccal_mucosa,Oral,Female
SRS103983,Supragingival_plaque,Oral,Female
SRS103987,Stool,Gut,Female
SRS104036,Stool,Gut,Male
SRS104039,Tongue_dorsum,Oral,Male
SRS104041,Buccal_mucosa,Oral,Male
SRS104045,Supragingival_plaque,Oral,Male
SRS104084,Stool,Gut,Female
SRS104087,Tongue_dorsum,Oral,Female
SRS104089,Buccal_mucosa,Oral,Female
SRS104093,Supragingival_plaque,Oral,Female
SRS104102,Posterior_fornix,Vaginal,Female
SRS1041031,Stool,Gut,Male
SRS1041032,Stool,Gut,Female
SRS1041033,Stool,Gut,Male
SRS1041036,Stool,Gut,Female
SRS1041037,Stool,Gut,Female
SRS1041038,Stool,Gut,Female
SRS1041039,Stool,Gut,Male
SRS1041090,Stool,Gut,Male
SRS1041091,Stool,Gut,Male
SRS1041092,Stool,Gut,Female
SRS1041093,Stool,Gut,Female
SRS1041094,Stool,Gut,Female
SRS1041095,Stool,Gut,Male
SRS1041112,Stool,Gut,Male
SRS1041113,Stool,Gut,Female
SRS1041114,Tongue_dorsum,Oral,Female
SRS1041115,Buccal_mucosa,Oral,Female
SRS1041116,Stool,Gut,Male
SRS1041117,Supragingival_plaque,Oral,Female
SRS1041118,Stool,Gut,Male
SRS1041119,Tongue_dorsum,Oral,Male
SRS1041120,Buccal_mucosa,Oral,Male
SRS1041121,Supragingival_plaque,Oral,Male
SRS1041122,Stool,Gut,Male
SRS1041123,Buccal_mucosa,Oral,Female
SRS1041124,Stool,Gut,Female
SRS1041126,Anterior_nares,Skin,Female
SRS1041127,Posterior_fornix,Vaginal,Female
SRS1041129,Stool,Gut,Female
SRS1041130,Stool,Gut,Female
SRS1041132,Stool,Gut,Female
SRS1041133,Stool,Gut,Male
SRS1041134,Stool,Gut,Male
SRS1041136,Stool,Gut,Female
SRS1041137,Stool,Gut,Male
SRS1041138,Stool,Gut,Male
SRS1041139,Stool,Gut,Male
SRS1041140,Stool,Gut,Male
SRS1041141,Stool,Gut,Female
SRS1041142,Stool,Gut,Female
SRS1041143,Stool,Gut,Female
SRS1041144,Stool,Gut,Female
SRS1041145,Stool,Gut,Female
SRS1041146,Stool,Gut,Male
SRS1041147,Stool,Gut,Male
SRS1041149,Stool,Gut,Female
SRS1041150,Tongue_dorsum,Oral,Female
SRS1041151,Buccal_mucosa,Oral,Female
SRS1041153,Supragingival_plaque,Oral,Female
SRS1041154,Anterior_nares,Skin,Female
SRS1041155,Posterior_fornix,Vaginal,Female
SRS1041157,Stool,Gut,Female
SRS1041159,Tongue_dorsum,Oral,Male
SRS1041160,Posterior_fornix,Vaginal,Female
SRS1041161,Buccal_mucosa,Oral,Female
SRS1041163,Posterior_fornix,Vaginal,Female
SRS1041164,Stool,Gut,Female
SRS1041169,Buccal_mucosa,Oral,Female
SRS1041170,Tongue_dorsum,Oral,Female
SRS1041173,Supragingival_plaque,Oral,Female
SRS1041175,Posterior_fornix,Vaginal,Female
SRS1041181,Tongue_dorsum,Oral,Female
SRS1041182,Buccal_mucosa,Oral,Female
SRS1041183,Supragingival_plaque,Oral,Female
SRS1041185,Posterior_fornix,Vaginal,Female
SRS104155,Anterior_nares,Skin,Female
SRS104165,Tongue_dorsum,Oral,Female
SRS104169,Buccal_mucosa,Oral,Female
SRS104177,Supragingival_plaque,Oral,Female
SRS104195,Posterior_fornix,Vaginal,Female
SRS104197,Stool,Gut,Female
SRS104259,Buccal_mucosa,Oral,Female
SRS104269,Anterior_nares,Skin,Female
SRS104275,Saliva,Oral,Female
SRS104279,Tongue_dorsum,Oral,Female
SRS104282,Buccal_mucosa,Oral,Female
SRS104285,Keratinized_gingiva,Oral,Female
SRS104287,Palatine_Tonsils,Oral,Female
SRS104291,Supragingival_plaque,Oral,Female
SRS104302,Anterior_nares,Skin,Female
SRS104309,Posterior_fornix,Vaginal,Female
SRS104311,Stool,Gut,Female
SRS104314,Tongue_dorsum,Oral,Male
SRS104316,Buccal_mucosa,Oral,Male
SRS104320,Supragingival_plaque,Oral,Male
SRS104327,Stool,Gut,Male
SRS104368,Supragingival_plaque,Oral,Female
SRS104384,Tongue_dorsum,Oral,Female
SRS104388,Buccal_mucosa,Oral,Female
SRS104400,Stool,Gut,Female
SRS104416,Posterior_fornix,Vaginal,Female
SRS104470,Anterior_nares,Skin,Female
SRS104476,Tongue_dorsum,Oral,Female
SRS104478,Buccal_mucosa,Oral,Female
SRS104485,Stool,Gut,Female
SRS104497,Vaginal_introitus,Vaginal,Female
SRS104499,Mid_vagina,Vaginal,Female
SRS104501,Posterior_fornix,Vaginal,Female
SRS104519,Supragingival_plaque,Oral,Female
SRS104521,Subgingival_plaque,Oral,Female
SRS104539,Supragingival_plaque,Oral,Female
SRS104636,Stool,Gut,Female
SRS104641,Anterior_nares,Skin,Female
SRS104644,Posterior_fornix,Vaginal,Female
SRS104647,Tongue_dorsum,Oral,Female
SRS104649,Buccal_mucosa,Oral,Female
SRS104653,Supragingival_plaque,Oral,Female
SRS104693,Stool,Gut,Female
SRS104701,Posterior_fornix,Vaginal,Female
SRS104704,Tongue_dorsum,Oral,Female
SRS104706,Buccal_mucosa,Oral,Female
SRS104711,Supragingival_plaque,Oral,Female
SRS104822,Anterior_nares,Skin,Male
SRS104830,Tongue_dorsum,Oral,Male
SRS104842,Supragingival_plaque,Oral,Male
SRS104912,Stool,Gut,Female
SRS104915,Tongue_dorsum,Oral,Female
SRS104921,Supragingival_plaque,Oral,Female
SRS104927,Anterior_nares,Skin,Female
SRS104962,Tongue_dorsum,Oral,Male
SRS104964,Buccal_mucosa,Oral,Male
SRS104968,Supragingival_plaque,Oral,Male
SRS104974,Anterior_nares,Skin,Male
SRS104975,Stool,Gut,Male
SRS105068,Tongue_dorsum,Oral,Male
SRS105070,Buccal_mucosa,Oral,Male
SRS105074,Supragingival_plaque,Oral,Male
SRS105080,Anterior_nares,Skin,Male
SRS105082,Stool,Gut,Male
SRS105087,Tongue_dorsum,Oral,Male
SRS105091,Buccal_mucosa,Oral,Male
SRS105100,Supragingival_plaque,Oral,Male
SRS105115,Tongue_dorsum,Oral,Female
SRS105117,Buccal_mucosa,Oral,Female
SRS105121,Supragingival_plaque,Oral,Female
SRS105128,Anterior_nares,Skin,Female
SRS105136,Tongue_dorsum,Oral,Female
SRS105140,Buccal_mucosa,Oral,Female
SRS105148,Supragingival_plaque,Oral,Female
SRS105153,Stool,Gut,Female
SRS105169,Posterior_fornix,Vaginal,Female
SRS1054691,Stool,Gut,Female
SRS1054712,Tongue_dorsum,Oral,Female
SRS1054716,Stool,Gut,Male
SRS1054853,Supragingival_plaque,Oral,Male
SRS1054881,Tongue_dorsum,Oral,Female
SRS1054927,Posterior_fornix,Vaginal,Female
SRS1054928,Stool,Gut,Female
SRS1054929,Stool,Gut,Male
SRS1054934,Tongue_dorsum,Oral,Male
SRS1055018,Buccal_mucosa,Oral,Male
SRS1055019,Anterior_nares,Skin,Male
SRS1055020,Supragingival_plaque,Oral,Male
SRS1055021,Posterior_fornix,Vaginal,Female
SRS1055022,Stool,Gut,Female
SRS1055023,Tongue_dorsum,Oral,Male
SRS1055025,Buccal_mucosa,Oral,Male
SRS1055026,Supragingival_plaque,Oral,Male
SRS1055028,Tongue_dorsum,Oral,Male
SRS1055030,Buccal_mucosa,Oral,Male
SRS1055032,Anterior_nares,Skin,Male
SRS1055033,Supragingival_plaque,Oral,Male
SRS1055034,Stool,Gut,Male
SRS1055035,Tongue_dorsum,Oral,Male
SRS1055036,Buccal_mucosa,Oral,Male
SRS1055037,Supragingival_plaque,Oral,Male
SRS1055038,Stool,Gut,Female
SRS1055039,Tongue_dorsum,Oral,Female
SRS1055040,Buccal_mucosa,Oral,Female
SRS1055041,Anterior_nares,Skin,Female
SRS1055042,Supragingival_plaque,Oral,Female
SRS1055043,Stool,Gut,Female
SRS1055044,Posterior_fornix,Vaginal,Female
SRS1055045,Anterior_nares,Skin,Female
SRS1055046,Tongue_dorsum,Oral,Female
SRS1055047,Buccal_mucosa,Oral,Female
SRS1055048,Supragingival_plaque,Oral,Female
SRS1055049,Stool,Gut,Female
SRS1055050,Anterior_nares,Skin,Female
SRS1055051,Posterior_fornix,Vaginal,Female
SRS1055054,Buccal_mucosa,Oral,Male
SRS1055055,Supragingival_plaque,Oral,Male
SRS1055056,Stool,Gut,Female
SRS1055057,Anterior_nares,Skin,Female
SRS1055058,Posterior_fornix,Vaginal,Female
SRS1055059,Tongue_dorsum,Oral,Female
SRS1055060,Buccal_mucosa,Oral,Female
SRS1055061,Buccal_mucosa,Oral,Female
SRS1055063,Tongue_dorsum,Oral,Female
SRS1055064,Buccal_mucosa,Oral,Female
SRS1055065,Supragingival_plaque,Oral,Female
SRS1055066,Posterior_fornix,Vaginal,Female
SRS1055067,Stool,Gut,Female
SRS1055069,Stool,Gut,Female
SRS1055071,Tongue_dorsum,Oral,Female
SRS1055072,Buccal_mucosa,Oral,Female
SRS1055073,Supragingival_plaque,Oral,Female
SRS1055074,Anterior_nares,Skin,Female
SRS1055075,Posterior_fornix,Vaginal,Female
SRS1055076,Stool,Gut,Female
SRS1055078,Tongue_dorsum,Oral,Female
SRS1055080,Buccal_mucosa,Oral,Female
SRS1055081,Anterior_nares,Skin,Female
SRS1055082,Posterior_fornix,Vaginal,Female
SRS1055083,Stool,Gut,Female
SRS1055084,Tongue_dorsum,Oral,Female
SRS1055085,Buccal_mucosa,Oral,Female
SRS1055086,Supragingival_plaque,Oral,Female
SRS1055087,Anterior_nares,Skin,Female
SRS1055088,Posterior_fornix,Vaginal,Female
SRS1055090,Buccal_mucosa,Oral,Female
SRS1055091,Supragingival_plaque,Oral,Female
SRS1055092,Anterior_nares,Skin,Female
SRS1055094,Posterior_fornix,Vaginal,Female
SRS1055095,Stool,Gut,Male
SRS1055097,Tongue_dorsum,Oral,Male
SRS1055098,Supragingival_plaque,Oral,Male
SRS1055099,Stool,Gut,Female
SRS1055100,Buccal_mucosa,Oral,Female
SRS1055101,Tongue_dorsum,Oral,Female
SRS1055102,Anterior_nares,Skin,Female
SRS1055103,Posterior_fornix,Vaginal,Female
SRS140492,Stool,Gut,Female
SRS140513,Stool,Gut,Female
SRS140534,Posterior_fornix,Vaginal,Female
SRS140645,Stool,Gut,Female
SRS140651,Tongue_dorsum,Oral,Female
SRS140653,Buccal_mucosa,Oral,Female
SRS140663,Anterior_nares,Skin,Female
SRS140666,Posterior_fornix,Vaginal,Female
SRS142483,Supragingival_plaque,Oral,Female
SRS142501,Posterior_fornix,Vaginal,Female
SRS142503,Stool,Gut,Female
SRS142521,Posterior_fornix,Vaginal,Female
SRS142527,Tongue_dorsum,Oral,Female
SRS142531,Buccal_mucosa,Oral,Female
SRS142542,Stool,Gut,Female
SRS142545,Tongue_dorsum,Oral,Female
SRS142547,Buccal_mucosa,Oral,Female
SRS142551,Supragingival_plaque,Oral,Female
SRS142557,Anterior_nares,Skin,Female
SRS142560,Posterior_fornix,Vaginal,Female
SRS142599,Stool,Gut,Female
SRS142602,Tongue_dorsum,Oral,Female
SRS142608,Supragingival_plaque,Oral,Female
SRS142618,Stool,Gut,Female
SRS142660,Buccal_mucosa,Oral,Female
SRS142664,Supragingival_plaque,Oral,Female
SRS142680,Tongue_dorsum,Oral,Female
SRS142710,Posterior_fornix,Vaginal,Female
SRS142712,Stool,Gut,Female
SRS142781,Stool,Gut,Female
SRS142787,Tongue_dorsum,Oral,Female
SRS142791,Buccal_mucosa,Oral,Female
SRS142879,Buccal_mucosa,Oral,Male
SRS142883,Supragingival_plaque,Oral,Male
SRS142890,Stool,Gut,Male
SRS142896,Tongue_dorsum,Oral,Male
SRS142907,Supragingival_plaque,Oral,Male
SRS142921,Stool,Gut,Male
SRS142923,Stool,Gut,Female
SRS142928,Anterior_nares,Skin,Female
SRS142936,Buccal_mucosa,Oral,Female
SRS142957,Mid_vagina,Vaginal,Female
SRS142959,Posterior_fornix,Vaginal,Female
SRS142965,Tongue_dorsum,Oral,Female
SRS142968,Buccal_mucosa,Oral,Female
SRS142973,Palatine_Tonsils,Oral,Female
SRS142975,Throat,Oral,Female
SRS142980,Stool,Gut,Female
SRS143014,Mid_vagina,Vaginal,Female
SRS143016,Posterior_fornix,Vaginal,Female
SRS143022,Tongue_dorsum,Oral,Female
SRS143032,Throat,Oral,Female
SRS143036,Subgingival_plaque,Oral,Female
SRS143037,Tongue_dorsum,Oral,Male
SRS143039,Buccal_mucosa,Oral,Male
SRS143050,Anterior_nares,Skin,Male
SRS143062,Palatine_Tonsils,Oral,Male
SRS143068,Subgingival_plaque,Oral,Male
SRS143070,Stool,Gut,Male
SRS143085,Stool,Gut,Male
SRS143088,Tongue_dorsum,Oral,Male
SRS143090,Buccal_mucosa,Oral,Male
SRS143094,Supragingival_plaque,Oral,Male
SRS143100,Anterior_nares,Skin,Male
SRS143135,Tongue_dorsum,Oral,Male
SRS143137,Buccal_mucosa,Oral,Male
SRS143141,Supragingival_plaque,Oral,Male
SRS143147,Anterior_nares,Skin,Male
SRS143148,Stool,Gut,Male
SRS143181,Stool,Gut,Male
SRS143210,Palatine_Tonsils,Oral,Male
SRS143214,Keratinized_gingiva,Oral,Male
SRS143216,Supragingival_plaque,Oral,Male
SRS143218,Subgingival_plaque,Oral,Male
SRS143228,Anterior_nares,Skin,Male
SRS143231,Tongue_dorsum,Oral,Female
SRS143233,Buccal_mucosa,Oral,Female
SRS143247,Posterior_fornix,Vaginal,Female
SRS143253,Tongue_dorsum,Oral,Female
SRS143290,Buccal_mucosa,Oral,Female
SRS143310,Tongue_dorsum,Oral,Female
SRS143340,Posterior_fornix,Vaginal,Female
SRS143342,Stool,Gut,Female
SRS143354,Tongue_dorsum,Oral,Female
SRS143356,Buccal_mucosa,Oral,Female
SRS143360,Supragingival_plaque,Oral,Female
SRS143372,Stool,Gut,Female
SRS143378,Posterior_fornix,Vaginal,Female
SRS143415,Anterior_nares,Skin,Male
SRS143417,Stool,Gut,Male
SRS143423,Tongue_dorsum,Oral,Male
SRS143427,Buccal_mucosa,Oral,Male
SRS143450,Tongue_dorsum,Oral,Female
SRS143452,Buccal_mucosa,Oral,Female
SRS143462,Anterior_nares,Skin,Female
SRS143465,Posterior_fornix,Vaginal,Female
SRS143466,Stool,Gut,Female
SRS143509,Buccal_mucosa,Oral,Female
SRS143523,Stool,Gut,Female
SRS143529,Tongue_dorsum,Oral,Female
SRS143537,Palatine_Tonsils,Oral,Female
SRS143565,R_Antecubital_fossa,Skin,Female
SRS143566,Anterior_nares,Skin,Female
SRS143596,Posterior_fornix,Vaginal,Female
SRS143598,Stool,Gut,Female
SRS143604,Tongue_dorsum,Oral,Female
SRS143608,Buccal_mucosa,Oral,Female
SRS143616,Supragingival_plaque,Oral,Female
SRS143678,Tongue_dorsum,Oral,Male
SRS143680,Buccal_mucosa,Oral,Male
SRS143684,Supragingival_plaque,Oral,Male
SRS143690,Anterior_nares,Skin,Male
SRS143722,Stool,Gut,Male
SRS143726,Tongue_dorsum,Oral,Female
SRS143728,Buccal_mucosa,Oral,Female
SRS143729,Keratinized_gingiva,Oral,Female
SRS143732,Supragingival_plaque,Oral,Female
SRS143738,Anterior_nares,Skin,Female
SRS143739,Vaginal_introitus,Vaginal,Female
SRS143747,Tongue_dorsum,Oral,Female
SRS143751,Buccal_mucosa,Oral,Female
SRS143756,Palatine_Tonsils,Oral,Female
SRS143759,Supragingival_plaque,Oral,Female
SRS143762,Subgingival_plaque,Oral,Female
SRS143776,Mid_vagina,Vaginal,Female
SRS143778,Posterior_fornix,Vaginal,Female
SRS143780,Stool,Gut,Female
SRS143832,Buccal_mucosa,Oral,Male
SRS143841,Anterior_nares,Skin,Male
SRS143850,Tongue_dorsum,Oral,Male
SRS143851,Buccal_mucosa,Oral,Male
SRS143872,Supragingival_plaque,Oral,Male
SRS143876,Stool,Gut,Male
SRS143879,Tongue_dorsum,Oral,Female
SRS143881,Buccal_mucosa,Oral,Female
SRS143885,Supragingival_plaque,Oral,Female
SRS143891,Anterior_nares,Skin,Female
SRS143894,Posterior_fornix,Vaginal,Female
SRS143895,Stool,Gut,Female
SRS143991,Stool,Gut,Male
SRS143996,Buccal_mucosa,Oral,Male
SRS144000,Supragingival_plaque,Oral,Male
SRS144007,Stool,Gut,Male
SRS144014,Tongue_dorsum,Oral,Male
SRS144017,Buccal_mucosa,Oral,Male
SRS144026,Supragingival_plaque,Oral,Male
SRS144038,Anterior_nares,Skin,Male
SRS144090,Tongue_dorsum,Oral,Male
SRS144092,Buccal_mucosa,Oral,Male
SRS144096,Supragingival_plaque,Oral,Male
SRS144102,Anterior_nares,Skin,Male
SRS144113,Buccal_mucosa,Oral,Male
SRS144116,Keratinized_gingiva,Oral,Male
SRS144121,Supragingival_plaque,Oral,Male
SRS144124,Subgingival_plaque,Oral,Male
SRS144135,Stool,Gut,Male
SRS144140,Buccal_mucosa,Oral,Male
SRS144144,Supragingival_plaque,Oral,Male
SRS144183,Stool,Gut,Female
SRS144194,Tongue_dorsum,Oral,Female
SRS144196,Buccal_mucosa,Oral,Female
SRS144219,Posterior_fornix,Vaginal,Female
SRS144237,Supragingival_plaque,Oral,Female
SRS144297,Stool,Gut,Male
SRS144300,Tongue_dorsum,Oral,Male
SRS144302,Buccal_mucosa,Oral,Male
SRS144306,Supragingival_plaque,Oral,Male
SRS144312,Anterior_nares,Skin,Male
SRS144362,Stool,Gut,Male
SRS144368,Tongue_dorsum,Oral,Male
SRS144372,Buccal_mucosa,Oral,Male
SRS144374,Keratinized_gingiva,Oral,Male
SRS144376,Palatine_Tonsils,Oral,Male
SRS144378,Throat,Oral,Male
SRS144380,Supragingival_plaque,Oral,Male
SRS144382,Subgingival_plaque,Oral,Male
SRS144393,Stool,Gut,Male
SRS144398,Buccal_mucosa,Oral,Male
SRS144402,Supragingival_plaque,Oral,Male
SRS144408,Anterior_nares,Skin,Male
SRS144424,Palatine_Tonsils,Oral,Male
SRS144427,Supragingival_plaque,Oral,Male
SRS144494,Buccal_mucosa,Oral,Male
SRS144506,Stool,Gut,Male
SRS144512,Tongue_dorsum,Oral,Male
SRS144515,Buccal_mucosa,Oral,Male
SRS144537,Stool,Gut,Male
SRS144542,Buccal_mucosa,Oral,Male
SRS144546,Supragingival_plaque,Oral,Male
SRS144560,Tongue_dorsum,Oral,Male
SRS144589,Buccal_mucosa,Oral,Female
SRS144603,Stool,Gut,Female
SRS144609,Tongue_dorsum,Oral,Female
SRS144621,Supragingival_plaque,Oral,Female
SRS144639,Posterior_fornix,Vaginal,Female
SRS144644,Tongue_dorsum,Oral,Female
SRS144646,Buccal_mucosa,Oral,Female
SRS144649,Throat,Oral,Female
SRS144669,Buccal_mucosa,Oral,Female
SRS144674,Palatine_Tonsils,Oral,Female
SRS144694,Mid_vagina,Vaginal,Female
SRS144701,Tongue_dorsum,Oral,Male
SRS144703,Buccal_mucosa,Oral,Male
SRS144707,Supragingival_plaque,Oral,Male
SRS144713,Anterior_nares,Skin,Male
SRS144714,Stool,Gut,Male
SRS144753,Stool,Gut,Female
SRS144759,Tongue_dorsum,Oral,Female
SRS144761,Buccal_mucosa,Oral,Female
SRS144765,Supragingival_plaque,Oral,Female
SRS144774,Posterior_fornix,Vaginal,Female
SRS145308,Stool,Gut,Male
SRS145497,Stool,Gut,Female
SRS145503,Tongue_dorsum,Oral,Female
SRS145505,Buccal_mucosa,Oral,Female
SRS145509,Supragingival_plaque,Oral,Female
SRS145515,Anterior_nares,Skin,Female
SRS145518,Posterior_fornix,Vaginal,Female
SRS146731,Anterior_nares,Skin,Male
SRS146738,Tongue_dorsum,Oral,Male
SRS146746,Palatine_Tonsils,Oral,Male
SRS146750,Supragingival_plaque,Oral,Male
SRS146761,Anterior_nares,Skin,Male
SRS146764,Stool,Gut,Male
SRS146767,Tongue_dorsum,Oral,Male
SRS146769,Buccal_mucosa,Oral,Male
SRS146773,Supragingival_plaque,Oral,Male
SRS146779,Anterior_nares,Skin,Male
SRS146785,Tongue_dorsum,Oral,Male
SRS146797,Supragingival_plaque,Oral,Male
SRS146812,Stool,Gut,Male
SRS146813,Stool,Gut,Female
SRS146818,Anterior_nares,Skin,Female
SRS146824,Tongue_dorsum,Oral,Female
SRS146826,Buccal_mucosa,Oral,Female
SRS146830,Supragingival_plaque,Oral,Female
SRS146832,Stool,Gut,Female
SRS146847,Mid_vagina,Vaginal,Female
SRS146849,Posterior_fornix,Vaginal,Female
SRS146854,Tongue_dorsum,Oral,Female
SRS146866,Supragingival_plaque,Oral,Female
SRS146874,Buccal_mucosa,Oral,Female
SRS146878,Supragingival_plaque,Oral,Female
SRS146888,Stool,Gut,Female
SRS146894,Tongue_dorsum,Oral,Female
SRS146924,Posterior_fornix,Vaginal,Female
SRS146979,Buccal_mucosa,Oral,Male
SRS146989,Anterior_nares,Skin,Male
SRS146996,Tongue_dorsum,Oral,Male
SRS146999,Buccal_mucosa,Oral,Male
SRS147022,Stool,Gut,Male
SRS147039,Stool,Gut,Male
SRS147045,Tongue_dorsum,Oral,Male
SRS147049,Buccal_mucosa,Oral,Male
SRS147057,Supragingival_plaque,Oral,Male
SRS147076,Buccal_mucosa,Oral,Male
SRS147088,Stool,Gut,Male
SRS147094,Tongue_dorsum,Oral,Male
SRS147106,Supragingival_plaque,Oral,Male
SRS147120,Tongue_dorsum,Oral,Female
SRS147122,Buccal_mucosa,Oral,Female
SRS147126,Saliva,Oral,Female
SRS147128,Supragingival_plaque,Oral,Female
SRS147134,Anterior_nares,Skin,Female
SRS147139,Stool,Gut,Female
SRS147140,Tongue_dorsum,Oral,Female
SRS147144,Buccal_mucosa,Oral,Female
SRS147149,Palatine_Tonsils,Oral,Female
SRS147151,Throat,Oral,Female
SRS147168,Anterior_nares,Skin,Female
SRS147175,Posterior_fornix,Vaginal,Female
SRS147178,Tongue_dorsum,Oral,Male
SRS147180,Buccal_mucosa,Oral,Male
SRS147184,Supragingival_plaque,Oral,Male
SRS147226,Tongue_dorsum,Oral,Male
SRS147228,Buccal_mucosa,Oral,Male
SRS147238,Anterior_nares,Skin,Male
SRS147244,Tongue_dorsum,Oral,Male
SRS147268,Anterior_nares,Skin,Male
SRS147271,Stool,Gut,Male
SRS147272,Stool,Gut,Female
SRS147281,Supragingival_plaque,Oral,Female
SRS147287,Anterior_nares,Skin,Female
SRS147290,Posterior_fornix,Vaginal,Female
SRS147334,Buccal_mucosa,Oral,Male
SRS147338,Supragingival_plaque,Oral,Male
SRS147346,Stool,Gut,Male
SRS147355,Buccal_mucosa,Oral,Male
SRS147377,Stool,Gut,Male
SRS147380,Tongue_dorsum,Oral,Male
SRS147386,Supragingival_plaque,Oral,Male
SRS147392,Anterior_nares,Skin,Male
SRS147425,Stool,Gut,Female
SRS147433,Posterior_fornix,Vaginal,Female
SRS147436,Tongue_dorsum,Oral,Female
SRS147438,Buccal_mucosa,Oral,Female
SRS147442,Supragingival_plaque,Oral,Female
SRS147445,Stool,Gut,Female
SRS147466,Tongue_dorsum,Oral,Female
SRS147541,Tongue_dorsum,Oral,Female
SRS147547,Supragingival_plaque,Oral,Female
SRS147556,Posterior_fornix,Vaginal,Female
SRS147557,Stool,Gut,Female
SRS147614,Stool,Gut,Female
SRS147652,Stool,Gut,Female
SRS147653,Stool,Gut,Female
SRS147661,Posterior_fornix,Vaginal,Female
SRS147664,Tongue_dorsum,Oral,Female
SRS147670,Supragingival_plaque,Oral,Female
SRS147712,Tongue_dorsum,Oral,Female
SRS147714,Buccal_mucosa,Oral,Female
SRS147718,Supragingival_plaque,Oral,Female
SRS147724,Anterior_nares,Skin,Female
SRS147727,Posterior_fornix,Vaginal,Female
SRS147745,Supragingival_plaque,Oral,Female
SRS147766,Stool,Gut,Female
SRS147871,Supragingival_plaque,Oral,Female
SRS147880,Posterior_fornix,Vaginal,Female
SRS147887,Tongue_dorsum,Oral,Female
SRS147919,Stool,Gut,Female
SRS147933,Buccal_mucosa,Oral,Female
SRS147937,Supragingival_plaque,Oral,Female
SRS147950,Anterior_nares,Skin,Female
SRS147977,Stool,Gut,Female
SRS147980,Tongue_dorsum,Oral,Female
SRS148091,Stool,Gut,Male
SRS148096,Buccal_mucosa,Oral,Male
SRS148145,Vaginal_introitus,Vaginal,Female
SRS148146,Mid_vagina,Vaginal,Female
SRS148147,Posterior_fornix,Vaginal,Female
SRS148150,Tongue_dorsum,Oral,Female
SRS148152,Buccal_mucosa,Oral,Female
SRS148157,Subgingival_plaque,Oral,Female
SRS148159,Stool,Gut,Female
SRS148180,Tongue_dorsum,Oral,Female
SRS148193,Supragingival_plaque,Oral,Female
SRS148196,Stool,Gut,Female
SRS148202,Keratinized_gingiva,Oral,Female
SRS148205,Supragingival_plaque,Oral,Female
SRS148214,Posterior_fornix,Vaginal,Female
SRS148215,Stool,Gut,Female
SRS148253,Stool,Gut,Male
SRS148258,Buccal_mucosa,Oral,Male
SRS148262,Supragingival_plaque,Oral,Male
SRS148284,Palatine_Tonsils,Oral,Male
SRS148287,Supragingival_plaque,Oral,Male
SRS148290,Subgingival_plaque,Oral,Male
SRS148303,Tongue_dorsum,Oral,Female
SRS148318,Posterior_fornix,Vaginal,Female
SRS148319,Stool,Gut,Female
SRS148361,Tongue_dorsum,Oral,Male
SRS148363,Buccal_mucosa,Oral,Male
SRS148367,Supragingival_plaque,Oral,Male
SRS148373,Anterior_nares,Skin,Male
SRS148408,Tongue_dorsum,Oral,Female
SRS148414,Supragingival_plaque,Oral,Female
SRS148420,Anterior_nares,Skin,Female
SRS148423,Posterior_fornix,Vaginal,Female
SRS148424,Stool,Gut,Female
SRS148429,Tongue_dorsum,Oral,Female
SRS148453,Anterior_nares,Skin,Female
SRS148459,Posterior_fornix,Vaginal,Female
SRS148461,Stool,Gut,Female
SRS148472,Supragingival_plaque,Oral,Male
SRS148511,Stool,Gut,Female
SRS148514,Tongue_dorsum,Oral,Female
SRS148516,Buccal_mucosa,Oral,Female
SRS148520,Supragingival_plaque,Oral,Female
SRS148529,Posterior_fornix,Vaginal,Female
SRS148676,Tongue_dorsum,Oral,Male
SRS148721,Stool,Gut,Male
SRS148724,Tongue_dorsum,Oral,Male
SRS148726,Buccal_mucosa,Oral,Male
SRS148730,Supragingival_plaque,Oral,Male
SRS148736,Anterior_nares,Skin,Male
SRS148771,Tongue_dorsum,Oral,Male
SRS148773,Buccal_mucosa,Oral,Male
SRS148777,Supragingival_plaque,Oral,Male
SRS148783,Anterior_nares,Skin,Male
SRS148784,Stool,Gut,Male
SRS148817,Stool,Gut,Female
SRS148820,Tongue_dorsum,Oral,Female
SRS148822,Buccal_mucosa,Oral,Female
SRS148826,Supragingival_plaque,Oral,Female
SRS148832,Anterior_nares,Skin,Female
SRS148835,Posterior_fornix,Vaginal,Female
SRS148874,Stool,Gut,Male
SRS148877,Tongue_dorsum,Oral,Male
SRS148879,Buccal_mucosa,Oral,Male
SRS148970,Stool,Gut,Male
SRS148973,Tongue_dorsum,Oral,Male
SRS148975,Buccal_mucosa,Oral,Male
SRS148979,Supragingival_plaque,Oral,Male
SRS149075,Stool,Gut,Female
SRS149078,Tongue_dorsum,Oral,Female
SRS149084,Supragingival_plaque,Oral,Female
SRS149090,Anterior_nares,Skin,Female
SRS149093,Posterior_fornix,Vaginal,Female
SRS149137,Buccal_mucosa,Oral,Male
SRS149181,Stool,Gut,Male
SRS149184,Tongue_dorsum,Oral,Male
SRS149186,Buccal_mucosa,Oral,Male
SRS149190,Supragingival_plaque,Oral,Male
SRS149196,Anterior_nares,Skin,Male
SRS149231,Tongue_dorsum,Oral,Male
SRS149237,Supragingival_plaque,Oral,Male
SRS149244,Stool,Gut,Male
SRS149280,Tongue_dorsum,Oral,Male
SRS149282,Buccal_mucosa,Oral,Male
SRS149286,Supragingival_plaque,Oral,Male
SRS149325,Stool,Gut,Female
SRS149328,Tongue_dorsum,Oral,Female
SRS149330,Buccal_mucosa,Oral,Female
SRS149334,Supragingival_plaque,Oral,Female
SRS149343,Posterior_fornix,Vaginal,Female
SRS149486,Tongue_dorsum,Oral,Male
SRS149488,Buccal_mucosa,Oral,Male
SRS149492,Supragingival_plaque,Oral,Male
SRS149579,Tongue_dorsum,Oral,Female
SRS149581,Buccal_mucosa,Oral,Female
SRS149585,Supragingival_plaque,Oral,Female
SRS149594,Posterior_fornix,Vaginal,Female
SRS149647,Supragingival_plaque,Oral,Female
SRS149665,Posterior_fornix,Vaginal,Female
SRS149671,Tongue_dorsum,Oral,Female
SRS149690,Tongue_dorsum,Oral,Female
SRS149696,Supragingival_plaque,Oral,Female
SRS149720,Tongue_dorsum,Oral,Male
SRS149722,Buccal_mucosa,Oral,Male
SRS149770,Buccal_mucosa,Oral,Female
SRS149783,Posterior_fornix,Vaginal,Female
SRS149784,Stool,Gut,Female
SRS149878,Posterior_fornix,Vaginal,Female
SRS149879,Stool,Gut,Female
SRS149882,Tongue_dorsum,Oral,Female
SRS149932,Anterior_nares,Skin,Male
SRS149938,Buccal_mucosa,Oral,Male
SRS149961,Tongue_dorsum,Oral,Male
SRS149973,Supragingival_plaque,Oral,Male
SRS150029,Stool,Gut,Male
SRS150032,Tongue_dorsum,Oral,Male
SRS150034,Buccal_mucosa,Oral,Male
SRS886672,Posterior_fornix,Vaginal,Female
SRS886673,Anterior_nares,Skin,Female
SRS886676,Anterior_nares,Skin,Male
SRS886691,Buccal_mucosa,Oral,Male
SRS886694,Posterior_fornix,Vaginal,Female
SRS886697,Posterior_fornix,Vaginal,Female
SRS886699,Tongue_dorsum,Oral,Female
SRS886701,Stool,Gut,Female
SRS892836,Posterior_fornix,Vaginal,Female
SRS892882,Stool,Gut,Female
SRS893009,Stool,Gut,Female
SRS893170,Stool,Gut,Female
SRS893172,Stool,Gut,Female
SRS893173,Tongue_dorsum,Oral,Female
SRS893174,Buccal_mucosa,Oral,Female
SRS893175,Tongue_dorsum,Oral,Female
SRS893187,Stool,Gut,Female
SRS893227,Tongue_dorsum,Oral,Female
SRS893229,Supragingival_plaque,Oral,Female
SRS893230,Stool,Gut,Female
SRS893231,Stool,Gut,Female
SRS893232,Supragingival_plaque,Oral,Female
SRS893233,Buccal_mucosa,Oral,Female
SRS893234,Posterior_fornix,Vaginal,Female
SRS893251,Anterior_nares,Skin,Female
SRS893252,Stool,Gut,Male
SRS893253,Stool,Gut,Female
SRS893254,Tongue_dorsum,Oral,Female
SRS893255,Buccal_mucosa,Oral,Male
SRS893256,Stool,Gut,Female
SRS893257,Buccal_mucosa,Oral,Female
SRS893258,Supragingival_plaque,Oral,Female
SRS893259,Stool,Gut,Male
SRS893260,Tongue_dorsum,Oral,Male
SRS893262,Posterior_fornix,Vaginal,Female
SRS893270,Stool,Gut,Male
SRS893272,Tongue_dorsum,Oral,Male
SRS893273,Buccal_mucosa,Oral,Male
SRS893274,Tongue_dorsum,Oral,Male
SRS893275,Anterior_nares,Skin,Male
SRS893276,Buccal_mucosa,Oral,Male
SRS893277,Buccal_mucosa,Oral,Male
SRS893278,Buccal_mucosa,Oral,Male
SRS893279,Stool,Gut,Male
SRS893280,Supragingival_plaque,Oral,Male
SRS893281,Supragingival_plaque,Oral,Male
SRS893282,Supragingival_plaque,Oral,Male
SRS893283,Supragingival_plaque,Oral,Female
SRS893284,Buccal_mucosa,Oral,Male
SRS893285,Stool,Gut,Female
SRS893286,Buccal_mucosa,Oral,Male
SRS893287,Posterior_fornix,Vaginal,Female
SRS893288,Stool,Gut,Male
SRS893289,Tongue_dorsum,Oral,Female
SRS893290,Tongue_dorsum,Oral,Male
SRS893291,Tongue_dorsum,Oral,Male
SRS893292,Stool,Gut,Male
SRS893294,Anterior_nares,Skin,Male
SRS893295,Stool,Gut,Male
SRS893296,Anterior_nares,Skin,Male
SRS893297,Buccal_mucosa,Oral,Female
SRS893298,Supragingival_plaque,Oral,Male
SRS893299,Supragingival_plaque,Oral,Female
SRS893300,Stool,Gut,Male
SRS893301,Buccal_mucosa,Oral,Male
SRS893318,Supragingival_plaque,Oral,Female
SRS893319,Anterior_nares,Skin,Male
SRS893320,Posterior_fornix,Vaginal,Female
SRS893321,Tongue_dorsum,Oral,Male
SRS893322,Tongue_dorsum,Oral,Male
SRS893323,Buccal_mucosa,Oral,Female
SRS893324,Tongue_dorsum,Oral,Female
SRS893325,Supragingival_plaque,Oral,Female
SRS893326,Anterior_nares,Skin,Male
SRS893327,Stool,Gut,Male
SRS893328,Supragingival_plaque,Oral,Male
SRS893329,Anterior_nares,Skin,Male
SRS893330,Buccal_mucosa,Oral,Male
SRS893332,Tongue_dorsum,Oral,Male
SRS893333,Supragingival_plaque,Oral,Female
SRS893334,Buccal_mucosa,Oral,Female
SRS893335,Supragingival_plaque,Oral,Male
SRS893336,Buccal_mucosa,Oral,Male
SRS893337,Buccal_mucosa,Oral,Female
SRS893338,Supragingival_plaque,Oral,Male
SRS893339,Supragingival_plaque,Oral,Female
SRS893340,Anterior_nares,Skin,Female
SRS893341,Stool,Gut,Female
SRS893342,Stool,Gut,Female
SRS893343,Anterior_nares,Skin,Female
SRS893344,Posterior_fornix,Vaginal,Female
SRS893346,Tongue_dorsum,Oral,Male
SRS893347,Supragingival_plaque,Oral,Female
SRS893348,Tongue_dorsum,Oral,Female
SRS893349,Buccal_mucosa,Oral,Female
SRS893350,Tongue_dorsum,Oral,Female
SRS893351,Anterior_nares,Skin,Female
SRS893352,Tongue_dorsum,Oral,Female
SRS893353,Tongue_dorsum,Oral,Female
SRS893354,Buccal_mucosa,Oral,Female
SRS893355,Supragingival_plaque,Oral,Female
SRS893356,Anterior_nares,Skin,Female
SRS893357,Posterior_fornix,Vaginal,Female
SRS893358,Stool,Gut,Female
SRS893359,Tongue_dorsum,Oral,Female
SRS893360,Buccal_mucosa,Oral,Female
SRS893361,Supragingival_plaque,Oral,Female
SRS893362,Buccal_mucosa,Oral,Female
SRS893363,Tongue_dorsum,Oral,Female
SRS893364,Posterior_fornix,Vaginal,Female
SRS893365,Tongue_dorsum,Oral,Female
SRS893366,Stool,Gut,Female
SRS893367,Anterior_nares,Skin,Female
SRS893368,Buccal_mucosa,Oral,Female
SRS893369,Stool,Gut,Female
SRS893371,Tongue_dorsum,Oral,Female
SRS893372,Anterior_nares,Skin,Female
SRS893373,Stool,Gut,Female
SRS893374,Supragingival_plaque,Oral,Female
SRS893375,Anterior_nares,Skin,Male
SRS893376,Supragingival_plaque,Oral,Male
SRS893377,Tongue_dorsum,Oral,Female
SRS893378,Stool,Gut,Female
SRS893379,Tongue_dorsum,Oral,Male
SRS893380,Stool,Gut,Male
SRS893381,Buccal_mucosa,Oral,Male
SRS893382,Stool,Gut,Male
SRS893383,Stool,Gut,Female
SRS893384,Anterior_nares,Skin,Male
SRS893385,Supragingival_plaque,Oral,Female
SRS971275,Stool,Gut,Female
SRS971276,Stool,Gut,Female
SRS971277,Tongue_dorsum,Oral,Female
SRS971427,Anterior_nares,Skin,Male
SRS971428,Anterior_nares,Skin,Female